datetime,temp_air,temp_soil,conc,PAR
2022-07-28T23:40:00Z,#N/A,#N/A,471.31,#N/A
2022-07-28T23:40:01Z,#N/A,#N/A,472.08,#N/A
2022-07-28T23:40:02Z,#N/A,#N/A,471.61,#N/A
2022-07-28T23:40:03Z,#N/A,#N/A,473.1,#N/A
2022-07-28T23:40:04Z,#N/A,#N/A,473.81,#N/A
2022-07-28T23:40:05Z,#N/A,#N/A,474.99,#N/A
2022-07-28T23:40:06Z,7.08,11.12,474.59,2.44
2022-07-28T23:40:07Z,#N/A,#N/A,476.24,#N/A
2022-07-28T23:40:08Z,#N/A,#N/A,476.16,#N/A
2022-07-28T23:40:09Z,#N/A,#N/A,476.71,#N/A
2022-07-28T23:40:10Z,#N/A,#N/A,477.03,#N/A
2022-07-28T23:40:11Z,#N/A,#N/A,478.68,#N/A
2022-07-28T23:40:12Z,#N/A,#N/A,478.99,#N/A
2022-07-28T23:40:13Z,#N/A,#N/A,479.63,#N/A
2022-07-28T23:40:14Z,#N/A,#N/A,479.97,#N/A
2022-07-28T23:40:15Z,#N/A,#N/A,481.01,#N/A
2022-07-28T23:40:16Z,7.07,11.1,480.9,2.14
2022-07-28T23:40:17Z,#N/A,#N/A,481.46,#N/A
2022-07-28T23:40:18Z,#N/A,#N/A,482.55,#N/A
2022-07-28T23:40:19Z,#N/A,#N/A,482.79,#N/A
2022-07-28T23:40:20Z,#N/A,#N/A,483.82,#N/A
2022-07-28T23:40:21Z,#N/A,#N/A,484.84,#N/A
2022-07-28T23:40:22Z,#N/A,#N/A,485.3,#N/A
2022-07-28T23:40:23Z,#N/A,#N/A,484.9,#N/A
2022-07-28T23:40:24Z,#N/A,#N/A,485.84,#N/A
2022-07-28T23:40:25Z,#N/A,#N/A,486.63,#N/A
2022-07-28T23:40:26Z,7.07,11.08,487.25,1.98
2022-07-28T23:40:27Z,#N/A,#N/A,487.58,#N/A
2022-07-28T23:40:28Z,#N/A,#N/A,487.5,#N/A
2022-07-28T23:40:29Z,#N/A,#N/A,488.59,#N/A
2022-07-28T23:40:30Z,#N/A,#N/A,488.75,#N/A
2022-07-28T23:40:31Z,#N/A,#N/A,489.7,#N/A
2022-07-28T23:40:32Z,#N/A,#N/A,489.62,#N/A
2022-07-28T23:40:33Z,#N/A,#N/A,490.4,#N/A
2022-07-28T23:40:34Z,#N/A,#N/A,490.64,#N/A
2022-07-28T23:40:35Z,#N/A,#N/A,490.86,#N/A
2022-07-28T23:40:36Z,7.07,11.06,491.37,2.14
2022-07-28T23:40:37Z,#N/A,#N/A,491.77,#N/A
2022-07-28T23:40:38Z,#N/A,#N/A,492.71,#N/A
2022-07-28T23:40:39Z,#N/A,#N/A,493.65,#N/A
2022-07-28T23:40:40Z,#N/A,#N/A,492.71,#N/A
2022-07-28T23:40:41Z,#N/A,#N/A,493.58,#N/A
2022-07-28T23:40:42Z,#N/A,#N/A,494.21,#N/A
2022-07-28T23:40:43Z,#N/A,#N/A,495.07,#N/A
2022-07-28T23:40:44Z,#N/A,#N/A,495.29,#N/A
2022-07-28T23:40:45Z,#N/A,#N/A,495.84,#N/A
2022-07-28T23:40:46Z,7.07,11.04,496.39,1.37
2022-07-28T23:40:47Z,#N/A,#N/A,496.71,#N/A
2022-07-28T23:40:48Z,#N/A,#N/A,497.65,#N/A
2022-07-28T23:40:49Z,#N/A,#N/A,497.58,#N/A
2022-07-28T23:40:50Z,#N/A,#N/A,498.05,#N/A
2022-07-28T23:40:51Z,#N/A,#N/A,498.83,#N/A
2022-07-28T23:40:52Z,#N/A,#N/A,498.43,#N/A
2022-07-28T23:40:53Z,#N/A,#N/A,499.15,#N/A
2022-07-28T23:40:54Z,#N/A,#N/A,499.85,#N/A
2022-07-28T23:40:55Z,#N/A,#N/A,500,#N/A
2022-07-28T23:40:56Z,7.07,11.03,500.44,1.98
2022-07-28T23:40:57Z,#N/A,#N/A,500.84,#N/A
2022-07-28T23:40:58Z,#N/A,#N/A,501.38,#N/A
2022-07-28T23:40:59Z,#N/A,#N/A,501.52,#N/A
2022-07-28T23:41:00Z,#N/A,#N/A,501.84,#N/A
2022-07-28T23:41:01Z,#N/A,#N/A,502.79,#N/A
2022-07-28T23:41:02Z,#N/A,#N/A,502.79,#N/A
2022-07-28T23:41:03Z,#N/A,#N/A,503.03,#N/A
2022-07-28T23:41:04Z,#N/A,#N/A,503.58,#N/A
2022-07-28T23:41:05Z,#N/A,#N/A,503.64,#N/A
2022-07-28T23:41:06Z,7.08,11.01,504.26,2.29
2022-07-28T23:41:07Z,#N/A,#N/A,504.26,#N/A
2022-07-28T23:41:08Z,#N/A,#N/A,505.29,#N/A
2022-07-28T23:41:09Z,#N/A,#N/A,504.89,#N/A
2022-07-28T23:41:10Z,#N/A,#N/A,505.28,#N/A
2022-07-28T23:41:11Z,#N/A,#N/A,505.52,#N/A
2022-07-28T23:41:12Z,#N/A,#N/A,506.7,#N/A
2022-07-28T23:41:13Z,#N/A,#N/A,507.01,#N/A
2022-07-28T23:41:14Z,#N/A,#N/A,507.33,#N/A
2022-07-28T23:41:15Z,#N/A,#N/A,507.1,#N/A
2022-07-28T23:41:16Z,7.08,11,507.5,1.53
2022-07-28T23:41:17Z,#N/A,#N/A,508.29,#N/A
2022-07-28T23:41:18Z,#N/A,#N/A,507.56,#N/A
2022-07-28T23:41:19Z,#N/A,#N/A,508.65,#N/A
2022-07-28T23:41:20Z,#N/A,#N/A,508.4,#N/A
2022-07-28T23:41:21Z,#N/A,#N/A,508.7,#N/A
2022-07-28T23:41:22Z,#N/A,#N/A,509.48,#N/A
2022-07-28T23:41:23Z,#N/A,#N/A,509.8,#N/A
2022-07-28T23:41:24Z,#N/A,#N/A,509.95,#N/A
2022-07-28T23:41:25Z,#N/A,#N/A,510.35,#N/A
2022-07-28T23:41:26Z,7.08,10.99,510.82,1.68
2022-07-28T23:41:27Z,#N/A,#N/A,510.88,#N/A
2022-07-28T23:41:28Z,#N/A,#N/A,511.58,#N/A
2022-07-28T23:41:29Z,#N/A,#N/A,511.27,#N/A
2022-07-28T23:41:30Z,#N/A,#N/A,511.58,#N/A
2022-07-28T23:41:31Z,#N/A,#N/A,512.44,#N/A
2022-07-28T23:41:32Z,#N/A,#N/A,512.52,#N/A
2022-07-28T23:41:33Z,#N/A,#N/A,513.23,#N/A
2022-07-28T23:41:34Z,#N/A,#N/A,514.02,#N/A
2022-07-28T23:41:35Z,#N/A,#N/A,513.78,#N/A
2022-07-28T23:41:36Z,7.09,10.97,514.42,1.83
2022-07-28T23:41:37Z,#N/A,#N/A,514.57,#N/A
2022-07-28T23:41:38Z,#N/A,#N/A,515.21,#N/A
2022-07-28T23:41:39Z,#N/A,#N/A,515.12,#N/A
2022-07-28T23:41:40Z,#N/A,#N/A,515.76,#N/A
2022-07-28T23:41:41Z,#N/A,#N/A,516.13,#N/A
2022-07-28T23:41:42Z,#N/A,#N/A,515.95,#N/A
2022-07-28T23:41:43Z,#N/A,#N/A,516.4,#N/A
2022-07-28T23:41:44Z,#N/A,#N/A,516.95,#N/A
2022-07-28T23:41:45Z,#N/A,#N/A,517.5,#N/A
2022-07-28T23:41:46Z,7.1,10.96,517.43,1.98
2022-07-28T23:41:47Z,#N/A,#N/A,517.74,#N/A
2022-07-28T23:41:48Z,#N/A,#N/A,518.05,#N/A
2022-07-28T23:41:49Z,#N/A,#N/A,518.36,#N/A
2022-07-28T23:41:50Z,#N/A,#N/A,518.66,#N/A
2022-07-28T23:41:51Z,#N/A,#N/A,518.9,#N/A
2022-07-28T23:41:52Z,#N/A,#N/A,519.05,#N/A
2022-07-28T23:41:53Z,#N/A,#N/A,519.06,#N/A
2022-07-28T23:41:54Z,#N/A,#N/A,519.84,#N/A
2022-07-28T23:41:55Z,#N/A,#N/A,518.74,#N/A
2022-07-28T23:41:56Z,7.1,10.95,520.54,2.29
2022-07-28T23:41:57Z,#N/A,#N/A,520.55,#N/A
2022-07-28T23:41:58Z,#N/A,#N/A,520.86,#N/A
2022-07-28T23:41:59Z,#N/A,#N/A,520.87,#N/A
2022-07-28T23:42:00Z,#N/A,#N/A,520.94,#N/A
2022-07-28T23:42:01Z,#N/A,#N/A,521.92,#N/A
2022-07-28T23:42:02Z,#N/A,#N/A,521.74,#N/A
2022-07-28T23:42:03Z,#N/A,#N/A,522.09,#N/A
2022-07-28T23:42:04Z,#N/A,#N/A,522.38,#N/A
2022-07-28T23:42:05Z,#N/A,#N/A,522.93,#N/A
2022-07-28T23:42:06Z,7.11,10.94,523.8,1.68
2022-07-28T23:42:07Z,#N/A,#N/A,524.03,#N/A
2022-07-28T23:42:08Z,#N/A,#N/A,524.58,#N/A
2022-07-28T23:42:09Z,#N/A,#N/A,524.66,#N/A
2022-07-28T23:42:10Z,#N/A,#N/A,525.28,#N/A
2022-07-28T23:42:11Z,#N/A,#N/A,525.43,#N/A
2022-07-28T23:42:12Z,#N/A,#N/A,524.95,#N/A
2022-07-28T23:42:13Z,#N/A,#N/A,525.51,#N/A
2022-07-28T23:42:14Z,#N/A,#N/A,525.67,#N/A
2022-07-28T23:42:15Z,#N/A,#N/A,526.37,#N/A
2022-07-28T23:42:16Z,7.12,10.93,526.53,1.98
2022-07-28T23:42:17Z,#N/A,#N/A,526.45,#N/A
2022-07-28T23:42:18Z,#N/A,#N/A,526.76,#N/A
2022-07-28T23:42:19Z,#N/A,#N/A,528.02,#N/A
2022-07-28T23:42:20Z,#N/A,#N/A,528.1,#N/A
2022-07-28T23:42:21Z,#N/A,#N/A,527.25,#N/A
2022-07-28T23:42:22Z,#N/A,#N/A,528.1,#N/A
2022-07-28T23:42:23Z,#N/A,#N/A,528.23,#N/A
2022-07-28T23:42:24Z,#N/A,#N/A,528.12,#N/A
2022-07-28T23:42:25Z,#N/A,#N/A,528.59,#N/A
2022-07-28T23:42:26Z,7.13,10.93,528.37,2.59
2022-07-28T23:42:27Z,#N/A,#N/A,529.62,#N/A
2022-07-28T23:42:28Z,#N/A,#N/A,529.78,#N/A
2022-07-28T23:42:29Z,#N/A,#N/A,529.63,#N/A
2022-07-28T23:42:30Z,#N/A,#N/A,530.8,#N/A
2022-07-28T23:42:31Z,#N/A,#N/A,530.8,#N/A
2022-07-28T23:42:32Z,#N/A,#N/A,530.63,#N/A
2022-07-28T23:42:33Z,#N/A,#N/A,531.26,#N/A
2022-07-28T23:42:34Z,#N/A,#N/A,531.8,#N/A
2022-07-28T23:42:35Z,#N/A,#N/A,530.31,#N/A
2022-07-28T23:42:36Z,7.13,10.92,531.49,1.83
2022-07-28T23:42:37Z,#N/A,#N/A,531.41,#N/A
2022-07-28T23:42:38Z,#N/A,#N/A,529.36,#N/A
2022-07-28T23:42:39Z,#N/A,#N/A,508.67,#N/A
2022-07-28T23:42:40Z,#N/A,#N/A,467.15,#N/A
2022-07-28T23:42:41Z,#N/A,#N/A,435.05,#N/A
2022-07-28T23:42:42Z,#N/A,#N/A,433.04,#N/A
2022-07-28T23:42:43Z,#N/A,#N/A,434.55,#N/A
2022-07-28T23:42:44Z,#N/A,#N/A,427.88,#N/A
2022-07-28T23:42:45Z,#N/A,#N/A,422.91,#N/A
2022-07-28T23:42:46Z,7.2,10.91,423.44,2.59
2022-07-28T23:42:47Z,#N/A,#N/A,421.95,#N/A
2022-07-28T23:42:48Z,#N/A,#N/A,420.46,#N/A
2022-07-28T23:42:49Z,#N/A,#N/A,419.44,#N/A
2022-07-28T23:42:50Z,#N/A,#N/A,419.92,#N/A
2022-07-28T23:42:51Z,#N/A,#N/A,419.05,#N/A
2022-07-28T23:42:52Z,#N/A,#N/A,418.26,#N/A
2022-07-28T23:42:53Z,#N/A,#N/A,417.23,#N/A
2022-07-28T23:42:54Z,#N/A,#N/A,416.51,#N/A
2022-07-28T23:42:55Z,#N/A,#N/A,416.9,#N/A
2022-07-28T23:45:37Z,#N/A,#N/A,513.68,#N/A
2022-07-28T23:45:38Z,#N/A,#N/A,513.27,#N/A
2022-07-28T23:45:39Z,#N/A,#N/A,513.1,#N/A
2022-07-28T23:45:40Z,#N/A,#N/A,514.09,#N/A
2022-07-28T23:45:41Z,#N/A,#N/A,514.42,#N/A
2022-07-28T23:45:42Z,#N/A,#N/A,514.81,#N/A
2022-07-28T23:45:43Z,#N/A,#N/A,514.97,#N/A
2022-07-28T23:45:44Z,#N/A,#N/A,515.37,#N/A
2022-07-28T23:45:45Z,#N/A,#N/A,515.28,#N/A
2022-07-28T23:45:46Z,7.33,10.83,516.47,1.83
2022-07-28T23:45:47Z,#N/A,#N/A,516.39,#N/A
2022-07-28T23:45:48Z,#N/A,#N/A,517.24,#N/A
2022-07-28T23:45:49Z,#N/A,#N/A,516.92,#N/A
2022-07-28T23:45:50Z,#N/A,#N/A,517.63,#N/A
2022-07-28T23:45:51Z,#N/A,#N/A,518.42,#N/A
2022-07-28T23:45:52Z,#N/A,#N/A,518.97,#N/A
2022-07-28T23:45:53Z,#N/A,#N/A,518.8,#N/A
2022-07-28T23:45:54Z,#N/A,#N/A,519.28,#N/A
2022-07-28T23:45:55Z,#N/A,#N/A,519.67,#N/A
2022-07-28T23:45:56Z,7.35,10.83,519.83,1.68
2022-07-28T23:45:57Z,#N/A,#N/A,520.38,#N/A
2022-07-28T23:45:58Z,#N/A,#N/A,520.46,#N/A
2022-07-28T23:45:59Z,#N/A,#N/A,521.18,#N/A
2022-07-28T23:46:00Z,#N/A,#N/A,521.86,#N/A
2022-07-28T23:46:01Z,#N/A,#N/A,521.86,#N/A
2022-07-28T23:46:02Z,#N/A,#N/A,522.22,#N/A
2022-07-28T23:46:03Z,#N/A,#N/A,522.66,#N/A
2022-07-28T23:46:04Z,#N/A,#N/A,522.21,#N/A
2022-07-28T23:46:05Z,#N/A,#N/A,523.47,#N/A
2022-07-28T23:46:06Z,7.36,10.84,523.56,2.14
2022-07-28T23:46:07Z,#N/A,#N/A,523.71,#N/A
2022-07-28T23:46:08Z,#N/A,#N/A,524.58,#N/A
2022-07-28T23:46:09Z,#N/A,#N/A,523.94,#N/A
2022-07-28T23:46:10Z,#N/A,#N/A,523.93,#N/A
2022-07-28T23:46:11Z,#N/A,#N/A,525.58,#N/A
2022-07-28T23:46:12Z,#N/A,#N/A,525.81,#N/A
2022-07-28T23:46:13Z,#N/A,#N/A,526.06,#N/A
2022-07-28T23:46:14Z,#N/A,#N/A,526.13,#N/A
2022-07-28T23:46:15Z,#N/A,#N/A,526.13,#N/A
2022-07-28T23:46:16Z,7.37,10.83,527.54,1.98
2022-07-28T23:46:17Z,#N/A,#N/A,527.46,#N/A
2022-07-28T23:46:18Z,#N/A,#N/A,527.39,#N/A
2022-07-28T23:46:19Z,#N/A,#N/A,528.33,#N/A
2022-07-28T23:46:20Z,#N/A,#N/A,528.33,#N/A
2022-07-28T23:46:21Z,#N/A,#N/A,528.21,#N/A
2022-07-28T23:46:22Z,#N/A,#N/A,528.99,#N/A
2022-07-28T23:46:23Z,#N/A,#N/A,529.37,#N/A
2022-07-28T23:46:24Z,#N/A,#N/A,529.46,#N/A
2022-07-28T23:46:25Z,#N/A,#N/A,529.22,#N/A
2022-07-28T23:46:26Z,7.38,10.83,529.92,1.68
2022-07-28T23:46:27Z,#N/A,#N/A,529.92,#N/A
2022-07-28T23:46:28Z,#N/A,#N/A,530.63,#N/A
2022-07-28T23:46:29Z,#N/A,#N/A,530.08,#N/A
2022-07-28T23:46:30Z,#N/A,#N/A,531.34,#N/A
2022-07-28T23:46:31Z,#N/A,#N/A,530.47,#N/A
2022-07-28T23:46:32Z,#N/A,#N/A,532.03,#N/A
2022-07-28T23:46:33Z,#N/A,#N/A,531.64,#N/A
2022-07-28T23:46:34Z,#N/A,#N/A,531.72,#N/A
2022-07-28T23:46:35Z,#N/A,#N/A,531.95,#N/A
2022-07-28T23:46:36Z,7.39,10.82,531.4,1.37
2022-07-28T23:46:37Z,#N/A,#N/A,531.95,#N/A
2022-07-28T23:46:38Z,#N/A,#N/A,530.21,#N/A
2022-07-28T23:46:39Z,#N/A,#N/A,507.74,#N/A
2022-07-28T23:46:40Z,#N/A,#N/A,507.71,#N/A
2022-07-28T23:46:41Z,#N/A,#N/A,477.45,#N/A
2022-07-28T23:46:42Z,#N/A,#N/A,440.35,#N/A
2022-07-28T23:46:43Z,#N/A,#N/A,432.27,#N/A
2022-07-28T23:46:44Z,#N/A,#N/A,429.36,#N/A
2022-07-28T23:46:45Z,#N/A,#N/A,426.83,#N/A
2022-07-28T23:46:46Z,7.4,10.19,424.61,3.2
2022-07-28T23:48:51Z,#N/A,#N/A,467.41,#N/A
2022-07-28T23:48:52Z,#N/A,#N/A,467.65,#N/A
2022-07-28T23:48:53Z,#N/A,#N/A,468.14,#N/A
2022-07-28T23:48:54Z,#N/A,#N/A,467.65,#N/A
2022-07-28T23:48:55Z,#N/A,#N/A,468.6,#N/A
2022-07-28T23:48:56Z,7.37,10.75,468.77,1.98
2022-07-28T23:48:57Z,#N/A,#N/A,469,#N/A
2022-07-28T23:48:58Z,#N/A,#N/A,469.31,#N/A
2022-07-28T23:48:59Z,#N/A,#N/A,470.02,#N/A
2022-07-28T23:49:00Z,#N/A,#N/A,469.79,#N/A
2022-07-28T23:49:01Z,#N/A,#N/A,470.74,#N/A
2022-07-28T23:49:02Z,#N/A,#N/A,470.81,#N/A
2022-07-28T23:49:03Z,#N/A,#N/A,470.96,#N/A
2022-07-28T23:49:04Z,#N/A,#N/A,471.9,#N/A
2022-07-28T23:49:05Z,#N/A,#N/A,471.26,#N/A
2022-07-28T23:49:06Z,7.37,10.74,472.21,2.44
2022-07-28T23:49:07Z,#N/A,#N/A,472.68,#N/A
2022-07-28T23:49:08Z,#N/A,#N/A,472.76,#N/A
2022-07-28T23:49:09Z,#N/A,#N/A,473.07,#N/A
2022-07-28T23:49:10Z,#N/A,#N/A,473.93,#N/A
2022-07-28T23:49:11Z,#N/A,#N/A,474.01,#N/A
2022-07-28T23:49:12Z,#N/A,#N/A,473.62,#N/A
2022-07-28T23:49:13Z,#N/A,#N/A,473.86,#N/A
2022-07-28T23:49:14Z,#N/A,#N/A,474.49,#N/A
2022-07-28T23:49:15Z,#N/A,#N/A,475.05,#N/A
2022-07-28T23:49:16Z,7.38,10.74,475.09,1.98
2022-07-28T23:49:17Z,#N/A,#N/A,475.76,#N/A
2022-07-28T23:49:18Z,#N/A,#N/A,475.84,#N/A
2022-07-28T23:49:19Z,#N/A,#N/A,475.14,#N/A
2022-07-28T23:49:20Z,#N/A,#N/A,476.32,#N/A
2022-07-28T23:49:21Z,#N/A,#N/A,476.87,#N/A
2022-07-28T23:49:22Z,#N/A,#N/A,476.87,#N/A
2022-07-28T23:49:23Z,#N/A,#N/A,477.66,#N/A
2022-07-28T23:49:24Z,#N/A,#N/A,478.68,#N/A
2022-07-28T23:49:25Z,#N/A,#N/A,478.59,#N/A
2022-07-28T23:49:26Z,7.38,10.74,478.97,1.98
2022-07-28T23:49:27Z,#N/A,#N/A,478.9,#N/A
2022-07-28T23:49:28Z,#N/A,#N/A,479.21,#N/A
2022-07-28T23:49:29Z,#N/A,#N/A,479.13,#N/A
2022-07-28T23:49:30Z,#N/A,#N/A,479.36,#N/A
2022-07-28T23:49:31Z,#N/A,#N/A,479.91,#N/A
2022-07-28T23:49:32Z,#N/A,#N/A,480.86,#N/A
2022-07-28T23:49:33Z,#N/A,#N/A,480.93,#N/A
2022-07-28T23:49:34Z,#N/A,#N/A,480.86,#N/A
2022-07-28T23:49:35Z,#N/A,#N/A,481.1,#N/A
2022-07-28T23:49:36Z,7.39,10.74,481.25,2.29
2022-07-28T23:49:37Z,#N/A,#N/A,481.87,#N/A
2022-07-28T23:49:38Z,#N/A,#N/A,482.16,#N/A
2022-07-28T23:49:39Z,#N/A,#N/A,482.49,#N/A
2022-07-28T23:49:40Z,#N/A,#N/A,482.86,#N/A
2022-07-28T23:49:41Z,#N/A,#N/A,482.69,#N/A
2022-07-28T23:49:42Z,#N/A,#N/A,483.01,#N/A
2022-07-28T23:49:43Z,#N/A,#N/A,483.09,#N/A
2022-07-28T23:49:44Z,#N/A,#N/A,483.4,#N/A
2022-07-28T23:49:45Z,#N/A,#N/A,483.4,#N/A
2022-07-28T23:49:46Z,7.39,10.73,484.03,2.44
2022-07-28T23:49:47Z,#N/A,#N/A,484.89,#N/A
2022-07-28T23:49:48Z,#N/A,#N/A,484.48,#N/A
2022-07-28T23:49:49Z,#N/A,#N/A,484.88,#N/A
2022-07-28T23:49:50Z,#N/A,#N/A,484.96,#N/A
2022-07-28T23:49:51Z,#N/A,#N/A,485.27,#N/A
2022-07-28T23:49:52Z,#N/A,#N/A,485.42,#N/A
2022-07-28T23:49:53Z,#N/A,#N/A,485.58,#N/A
2022-07-28T23:49:54Z,#N/A,#N/A,486.29,#N/A
2022-07-28T23:49:55Z,#N/A,#N/A,486.99,#N/A
2022-07-28T23:49:56Z,7.39,10.73,486.91,2.14
2022-07-28T23:49:57Z,#N/A,#N/A,486.37,#N/A
2022-07-28T23:49:58Z,#N/A,#N/A,487.38,#N/A
2022-07-28T23:49:59Z,#N/A,#N/A,487.13,#N/A
2022-07-28T23:50:00Z,#N/A,#N/A,487.17,#N/A
2022-07-28T23:50:01Z,#N/A,#N/A,487.61,#N/A
2022-07-28T23:50:02Z,#N/A,#N/A,488.44,#N/A
2022-07-28T23:50:03Z,#N/A,#N/A,488.51,#N/A
2022-07-28T23:50:04Z,#N/A,#N/A,488.43,#N/A
2022-07-28T23:50:05Z,#N/A,#N/A,489.21,#N/A
2022-07-28T23:50:06Z,7.4,10.73,489.85,1.98
2022-07-28T23:50:07Z,#N/A,#N/A,489.15,#N/A
2022-07-28T23:50:08Z,#N/A,#N/A,490.23,#N/A
2022-07-28T23:50:09Z,#N/A,#N/A,490.77,#N/A
2022-07-28T23:50:10Z,#N/A,#N/A,490.54,#N/A
2022-07-28T23:50:11Z,#N/A,#N/A,490.78,#N/A
2022-07-28T23:50:12Z,#N/A,#N/A,491.09,#N/A
2022-07-28T23:50:13Z,#N/A,#N/A,490.46,#N/A
2022-07-28T23:50:14Z,#N/A,#N/A,490.69,#N/A
2022-07-28T23:50:15Z,#N/A,#N/A,491.63,#N/A
2022-07-28T23:50:16Z,7.39,10.72,492.34,1.68
2022-07-28T23:50:17Z,#N/A,#N/A,491.48,#N/A
2022-07-28T23:50:18Z,#N/A,#N/A,492.66,#N/A
2022-07-28T23:50:19Z,#N/A,#N/A,492.19,#N/A
2022-07-28T23:50:20Z,#N/A,#N/A,492.38,#N/A
2022-07-28T23:50:21Z,#N/A,#N/A,493.31,#N/A
2022-07-28T23:50:22Z,#N/A,#N/A,495.41,#N/A
2022-07-28T23:50:23Z,#N/A,#N/A,495.41,#N/A
2022-07-28T23:50:24Z,#N/A,#N/A,491.72,#N/A
2022-07-28T23:50:25Z,#N/A,#N/A,480.57,#N/A
2022-07-28T23:50:26Z,7.39,10.73,464.91,1.83
2022-07-28T23:50:27Z,#N/A,#N/A,457.98,#N/A
2022-07-28T23:50:28Z,#N/A,#N/A,450.27,#N/A
2022-07-28T23:50:29Z,#N/A,#N/A,443.11,#N/A
2022-07-28T23:50:30Z,#N/A,#N/A,437.36,#N/A
2022-07-28T23:50:31Z,#N/A,#N/A,434.04,#N/A
2022-07-28T23:50:32Z,#N/A,#N/A,432.46,#N/A
2022-07-28T23:50:33Z,#N/A,#N/A,428.69,#N/A
2022-07-28T23:50:34Z,#N/A,#N/A,426.4,#N/A
2022-07-28T23:50:35Z,#N/A,#N/A,425.15,#N/A
2022-07-28T23:50:36Z,7.4,10.71,425.22,2.14
2022-07-28T23:50:37Z,#N/A,#N/A,427.02,#N/A
2022-07-28T23:50:38Z,#N/A,#N/A,427.66,#N/A
2022-07-28T23:50:39Z,#N/A,#N/A,428.28,#N/A
2022-07-28T23:50:40Z,#N/A,#N/A,429.07,#N/A
2022-07-28T23:50:41Z,#N/A,#N/A,429.15,#N/A
2022-07-28T23:50:42Z,#N/A,#N/A,429.03,#N/A
2022-07-28T23:50:43Z,#N/A,#N/A,428.64,#N/A
2022-07-28T23:50:44Z,#N/A,#N/A,428.37,#N/A
2022-07-28T23:50:45Z,#N/A,#N/A,429.23,#N/A
2022-07-28T23:50:46Z,7.38,10.71,429.33,0.92
2022-07-28T23:50:47Z,#N/A,#N/A,429.41,#N/A
2022-07-28T23:50:48Z,#N/A,#N/A,429.25,#N/A
2022-07-28T23:50:49Z,#N/A,#N/A,430.04,#N/A
2022-07-28T23:50:50Z,#N/A,#N/A,429.96,#N/A
2022-07-28T23:50:51Z,#N/A,#N/A,430.9,#N/A
2022-07-28T23:50:52Z,#N/A,#N/A,430.89,#N/A
2022-07-28T23:50:53Z,#N/A,#N/A,431.43,#N/A
2022-07-28T23:50:54Z,#N/A,#N/A,431.98,#N/A
2022-07-28T23:50:55Z,#N/A,#N/A,431.99,#N/A
2022-07-28T23:50:56Z,7.36,10.7,432.38,1.07
2022-07-28T23:50:57Z,#N/A,#N/A,432.61,#N/A
2022-07-28T23:50:58Z,#N/A,#N/A,433.31,#N/A
2022-07-28T23:50:59Z,#N/A,#N/A,433.63,#N/A
2022-07-28T23:51:00Z,#N/A,#N/A,433.87,#N/A
2022-07-28T23:51:01Z,#N/A,#N/A,434.5,#N/A
2022-07-28T23:51:02Z,#N/A,#N/A,434.5,#N/A
2022-07-28T23:51:03Z,#N/A,#N/A,435.29,#N/A
2022-07-28T23:51:04Z,#N/A,#N/A,435.03,#N/A
2022-07-28T23:51:05Z,#N/A,#N/A,435.71,#N/A
2022-07-28T23:51:06Z,7.35,10.71,436.28,1.22
2022-07-28T23:51:07Z,#N/A,#N/A,436.19,#N/A
2022-07-28T23:51:08Z,#N/A,#N/A,436.65,#N/A
2022-07-28T23:51:09Z,#N/A,#N/A,437.04,#N/A
2022-07-28T23:51:10Z,#N/A,#N/A,437.36,#N/A
2022-07-28T23:51:11Z,#N/A,#N/A,438.22,#N/A
2022-07-28T23:51:12Z,#N/A,#N/A,438.07,#N/A
2022-07-28T23:51:13Z,#N/A,#N/A,438.69,#N/A
2022-07-28T23:51:14Z,#N/A,#N/A,438.52,#N/A
2022-07-28T23:51:15Z,#N/A,#N/A,439.93,#N/A
2022-07-28T23:51:16Z,7.35,10.7,439.54,1.68
2022-07-28T23:51:17Z,#N/A,#N/A,440.41,#N/A
2022-07-28T23:51:18Z,#N/A,#N/A,440.16,#N/A
2022-07-28T23:51:19Z,#N/A,#N/A,440.72,#N/A
2022-07-28T23:51:20Z,#N/A,#N/A,441.18,#N/A
2022-07-28T23:51:21Z,#N/A,#N/A,441.58,#N/A
2022-07-28T23:51:22Z,#N/A,#N/A,441.66,#N/A
2022-07-28T23:51:23Z,#N/A,#N/A,442.68,#N/A
2022-07-28T23:51:24Z,#N/A,#N/A,443.08,#N/A
2022-07-28T23:51:25Z,#N/A,#N/A,443.41,#N/A
2022-07-28T23:51:26Z,7.34,10.7,443.53,1.53
2022-07-28T23:51:27Z,#N/A,#N/A,444.07,#N/A
2022-07-28T23:51:28Z,#N/A,#N/A,444.38,#N/A
2022-07-28T23:51:29Z,#N/A,#N/A,444.6,#N/A
2022-07-28T23:51:30Z,#N/A,#N/A,444.98,#N/A
2022-07-28T23:51:31Z,#N/A,#N/A,445.77,#N/A
2022-07-28T23:51:32Z,#N/A,#N/A,445.53,#N/A
2022-07-28T23:51:33Z,#N/A,#N/A,446.17,#N/A
2022-07-28T23:51:34Z,#N/A,#N/A,446.48,#N/A
2022-07-28T23:51:35Z,#N/A,#N/A,446.79,#N/A
2022-07-28T23:51:36Z,7.35,10.7,447.8,1.53
2022-07-28T23:51:37Z,#N/A,#N/A,447.57,#N/A
2022-07-28T23:51:38Z,#N/A,#N/A,448.5,#N/A
2022-07-28T23:51:39Z,#N/A,#N/A,448.04,#N/A
2022-07-28T23:51:40Z,#N/A,#N/A,448.74,#N/A
2022-07-28T23:51:41Z,#N/A,#N/A,449.68,#N/A
2022-07-28T23:51:42Z,#N/A,#N/A,449.84,#N/A
2022-07-28T23:51:43Z,#N/A,#N/A,449.84,#N/A
2022-07-28T23:51:44Z,#N/A,#N/A,450.47,#N/A
2022-07-28T23:51:45Z,#N/A,#N/A,451.1,#N/A
2022-07-28T23:51:46Z,7.36,10.7,451.03,2.14
2022-07-28T23:51:47Z,#N/A,#N/A,451.59,#N/A
2022-07-28T23:51:48Z,#N/A,#N/A,451.79,#N/A
2022-07-28T23:51:49Z,#N/A,#N/A,452.35,#N/A
2022-07-28T23:51:50Z,#N/A,#N/A,452.4,#N/A
2022-07-28T23:51:51Z,#N/A,#N/A,451.75,#N/A
2022-07-28T23:51:52Z,#N/A,#N/A,452.7,#N/A
2022-07-28T23:51:53Z,#N/A,#N/A,453.64,#N/A
2022-07-28T23:51:54Z,#N/A,#N/A,453.49,#N/A
2022-07-28T23:51:55Z,#N/A,#N/A,454.04,#N/A
2022-07-28T23:51:56Z,7.36,10.69,454.59,1.98
2022-07-28T23:51:57Z,#N/A,#N/A,454.42,#N/A
2022-07-28T23:51:58Z,#N/A,#N/A,454.57,#N/A
2022-07-28T23:51:59Z,#N/A,#N/A,454.97,#N/A
2022-07-28T23:53:58Z,#N/A,#N/A,478.16,#N/A
2022-07-28T23:53:59Z,#N/A,#N/A,479.02,#N/A
2022-07-28T23:54:00Z,#N/A,#N/A,478.77,#N/A
2022-07-28T23:54:01Z,#N/A,#N/A,479.29,#N/A
2022-07-28T23:54:02Z,#N/A,#N/A,479.28,#N/A
2022-07-28T23:54:03Z,#N/A,#N/A,479.6,#N/A
2022-07-28T23:54:04Z,#N/A,#N/A,479.84,#N/A
2022-07-28T23:54:05Z,#N/A,#N/A,479.85,#N/A
2022-07-28T23:54:06Z,7.48,10.67,479.37,1.53
2022-07-28T23:54:07Z,#N/A,#N/A,479.35,#N/A
2022-07-28T23:54:08Z,#N/A,#N/A,479.66,#N/A
2022-07-28T23:54:09Z,#N/A,#N/A,479.98,#N/A
2022-07-28T23:54:10Z,#N/A,#N/A,480.69,#N/A
2022-07-28T23:54:11Z,#N/A,#N/A,479.75,#N/A
2022-07-28T23:54:12Z,#N/A,#N/A,480.53,#N/A
2022-07-28T23:54:13Z,#N/A,#N/A,480.37,#N/A
2022-07-28T23:54:14Z,#N/A,#N/A,480.68,#N/A
2022-07-28T23:54:15Z,#N/A,#N/A,480.45,#N/A
2022-07-28T23:54:16Z,7.47,10.67,480.99,2.75
2022-07-28T23:54:17Z,#N/A,#N/A,481.31,#N/A
2022-07-28T23:54:18Z,#N/A,#N/A,480.84,#N/A
2022-07-28T23:54:19Z,#N/A,#N/A,480.69,#N/A
2022-07-28T23:54:20Z,#N/A,#N/A,481.53,#N/A
2022-07-28T23:54:21Z,#N/A,#N/A,480.95,#N/A
2022-07-28T23:54:22Z,#N/A,#N/A,481.45,#N/A
2022-07-28T23:54:23Z,#N/A,#N/A,481.57,#N/A
2022-07-28T23:54:24Z,#N/A,#N/A,481.81,#N/A
2022-07-28T23:54:25Z,#N/A,#N/A,481.18,#N/A
2022-07-28T23:54:26Z,7.49,10.67,482.28,2.14
2022-07-28T23:54:27Z,#N/A,#N/A,482.13,#N/A
2022-07-28T23:54:28Z,#N/A,#N/A,481.49,#N/A
2022-07-28T23:54:29Z,#N/A,#N/A,481.88,#N/A
2022-07-28T23:54:30Z,#N/A,#N/A,481.63,#N/A
2022-07-28T23:54:31Z,#N/A,#N/A,481.95,#N/A
2022-07-28T23:54:32Z,#N/A,#N/A,481.55,#N/A
2022-07-28T23:54:33Z,#N/A,#N/A,481.87,#N/A
2022-07-28T23:54:34Z,#N/A,#N/A,481.71,#N/A
2022-07-28T23:54:35Z,#N/A,#N/A,481.63,#N/A
2022-07-28T23:54:36Z,7.5,10.67,482.26,2.14
2022-07-28T23:54:37Z,#N/A,#N/A,482.57,#N/A
2022-07-28T23:54:38Z,#N/A,#N/A,482.57,#N/A
2022-07-28T23:54:39Z,#N/A,#N/A,482.02,#N/A
2022-07-28T23:54:40Z,#N/A,#N/A,482.58,#N/A
2022-07-28T23:54:41Z,#N/A,#N/A,482.73,#N/A
2022-07-28T23:54:42Z,#N/A,#N/A,482.68,#N/A
2022-07-28T23:54:43Z,#N/A,#N/A,482.69,#N/A
2022-07-28T23:54:44Z,#N/A,#N/A,482.32,#N/A
2022-07-28T23:54:45Z,#N/A,#N/A,483.14,#N/A
2022-07-28T23:54:46Z,7.51,10.67,482.67,1.98
2022-07-28T23:54:47Z,#N/A,#N/A,483.14,#N/A
2022-07-28T23:54:48Z,#N/A,#N/A,483.07,#N/A
2022-07-28T23:54:49Z,#N/A,#N/A,482.6,#N/A
2022-07-28T23:54:50Z,#N/A,#N/A,483.38,#N/A
2022-07-28T23:54:51Z,#N/A,#N/A,482.58,#N/A
2022-07-28T23:54:52Z,#N/A,#N/A,482.81,#N/A
2022-07-28T23:54:53Z,#N/A,#N/A,483.12,#N/A
2022-07-28T23:54:54Z,#N/A,#N/A,482.33,#N/A
2022-07-28T23:54:55Z,#N/A,#N/A,482.34,#N/A
2022-07-28T23:54:56Z,7.52,10.66,482.49,1.68
2022-07-28T23:54:57Z,#N/A,#N/A,482.49,#N/A
2022-07-28T23:54:58Z,#N/A,#N/A,483.12,#N/A
2022-07-28T23:54:59Z,#N/A,#N/A,482.72,#N/A
2022-07-28T23:55:00Z,#N/A,#N/A,483.2,#N/A
2022-07-28T23:55:01Z,#N/A,#N/A,483.75,#N/A
2022-07-28T23:55:02Z,#N/A,#N/A,483.36,#N/A
2022-07-28T23:55:03Z,#N/A,#N/A,482.73,#N/A
2022-07-28T23:55:04Z,#N/A,#N/A,482.81,#N/A
2022-07-28T23:55:05Z,#N/A,#N/A,483.76,#N/A
2022-07-28T23:55:06Z,7.52,10.67,483.29,1.83
2022-07-28T23:55:07Z,#N/A,#N/A,483.54,#N/A
2022-07-28T23:55:08Z,#N/A,#N/A,483.61,#N/A
2022-07-28T23:55:09Z,#N/A,#N/A,483.77,#N/A
2022-07-28T23:55:10Z,#N/A,#N/A,484.32,#N/A
2022-07-28T23:55:11Z,#N/A,#N/A,484.4,#N/A
2022-07-28T23:55:12Z,#N/A,#N/A,484.08,#N/A
2022-07-28T23:55:13Z,#N/A,#N/A,484.16,#N/A
2022-07-28T23:55:14Z,#N/A,#N/A,483.84,#N/A
2022-07-28T23:55:15Z,#N/A,#N/A,483.98,#N/A
2022-07-28T23:55:16Z,7.53,10.66,484.85,1.98
2022-07-28T23:55:17Z,#N/A,#N/A,484.46,#N/A
2022-07-28T23:55:18Z,#N/A,#N/A,483.75,#N/A
2022-07-28T23:55:19Z,#N/A,#N/A,483.99,#N/A
2022-07-28T23:55:20Z,#N/A,#N/A,484.37,#N/A
2022-07-28T23:55:21Z,#N/A,#N/A,484.46,#N/A
2022-07-28T23:55:22Z,#N/A,#N/A,484.39,#N/A
2022-07-28T23:55:23Z,#N/A,#N/A,484.39,#N/A
2022-07-28T23:55:24Z,#N/A,#N/A,485.24,#N/A
2022-07-28T23:55:25Z,#N/A,#N/A,485.47,#N/A
2022-07-28T23:55:26Z,7.54,10.66,484.29,2.14
2022-07-28T23:55:27Z,#N/A,#N/A,484.58,#N/A
2022-07-28T23:55:28Z,#N/A,#N/A,484.56,#N/A
2022-07-28T23:55:29Z,#N/A,#N/A,485.11,#N/A
2022-07-28T23:55:30Z,#N/A,#N/A,484.56,#N/A
2022-07-28T23:55:31Z,#N/A,#N/A,485.03,#N/A
2022-07-28T23:55:32Z,#N/A,#N/A,485.27,#N/A
2022-07-28T23:55:33Z,#N/A,#N/A,484.87,#N/A
2022-07-28T23:55:34Z,#N/A,#N/A,485.18,#N/A
2022-07-28T23:55:35Z,#N/A,#N/A,484.85,#N/A
2022-07-28T23:55:36Z,7.55,10.66,484.93,1.98
2022-07-28T23:55:37Z,#N/A,#N/A,485.4,#N/A
2022-07-28T23:55:38Z,#N/A,#N/A,485.4,#N/A
2022-07-28T23:55:39Z,#N/A,#N/A,484.46,#N/A
2022-07-28T23:55:40Z,#N/A,#N/A,485.16,#N/A
2022-07-28T23:55:41Z,#N/A,#N/A,485.39,#N/A
2022-07-28T23:55:42Z,#N/A,#N/A,484.84,#N/A
2022-07-28T23:55:43Z,#N/A,#N/A,485.63,#N/A
2022-07-28T23:55:44Z,#N/A,#N/A,485.4,#N/A
2022-07-28T23:55:45Z,#N/A,#N/A,485.48,#N/A
2022-07-28T23:55:46Z,7.55,10.66,485.4,2.29
2022-07-28T23:55:47Z,#N/A,#N/A,485.49,#N/A
2022-07-28T23:55:48Z,#N/A,#N/A,484.91,#N/A
2022-07-28T23:55:49Z,#N/A,#N/A,485.01,#N/A
2022-07-28T23:55:50Z,#N/A,#N/A,484.86,#N/A
2022-07-28T23:55:51Z,#N/A,#N/A,484,#N/A
2022-07-28T23:55:52Z,#N/A,#N/A,485.5,#N/A
2022-07-28T23:55:53Z,#N/A,#N/A,485.34,#N/A
2022-07-28T23:55:54Z,#N/A,#N/A,484.87,#N/A
2022-07-28T23:55:55Z,#N/A,#N/A,484.08,#N/A
2022-07-28T23:55:56Z,7.57,10.66,483.75,1.53
2022-07-28T23:55:57Z,#N/A,#N/A,483.98,#N/A
2022-07-28T23:55:58Z,#N/A,#N/A,484.14,#N/A
2022-07-28T23:55:59Z,#N/A,#N/A,484.69,#N/A
2022-07-28T23:56:00Z,#N/A,#N/A,484.93,#N/A
2022-07-28T23:56:01Z,#N/A,#N/A,484.37,#N/A
2022-07-28T23:56:02Z,#N/A,#N/A,484.92,#N/A
2022-07-28T23:56:03Z,#N/A,#N/A,485.15,#N/A
2022-07-28T23:56:04Z,#N/A,#N/A,484.53,#N/A
2022-07-28T23:56:05Z,#N/A,#N/A,484.21,#N/A
2022-07-28T23:56:06Z,7.55,10.53,484.37,3.81
2022-07-28T23:56:07Z,#N/A,#N/A,484.69,#N/A
2022-07-28T23:56:08Z,#N/A,#N/A,484.51,#N/A
2022-07-28T23:56:09Z,#N/A,#N/A,483.03,#N/A
2022-07-28T23:56:10Z,#N/A,#N/A,483.77,#N/A
2022-07-28T23:56:11Z,#N/A,#N/A,485.23,#N/A
2022-07-28T23:56:12Z,#N/A,#N/A,484.63,#N/A
2022-07-28T23:56:13Z,#N/A,#N/A,484.39,#N/A
2022-07-28T23:56:14Z,#N/A,#N/A,484.39,#N/A
2022-07-28T23:56:15Z,#N/A,#N/A,484.63,#N/A
2022-07-28T23:56:16Z,7.54,9.88,484.47,2.44
2022-07-28T23:56:17Z,#N/A,#N/A,484.85,#N/A
2022-07-28T23:56:18Z,#N/A,#N/A,483.5,#N/A
2022-07-28T23:56:19Z,#N/A,#N/A,484.84,#N/A
2022-07-28T23:56:20Z,#N/A,#N/A,484.21,#N/A
2022-07-28T23:56:21Z,#N/A,#N/A,485.31,#N/A
2022-07-28T23:56:22Z,#N/A,#N/A,484.77,#N/A
2022-07-28T23:56:23Z,#N/A,#N/A,484.76,#N/A
2022-07-28T23:56:24Z,#N/A,#N/A,485.24,#N/A
2022-07-28T23:56:25Z,#N/A,#N/A,485.16,#N/A
2022-07-28T23:56:26Z,7.6,9.34,483.04,4.43
2022-07-28T23:56:27Z,#N/A,#N/A,483.98,#N/A
2022-07-28T23:56:28Z,#N/A,#N/A,484.76,#N/A
2022-07-28T23:56:29Z,#N/A,#N/A,484.68,#N/A
2022-07-28T23:56:30Z,#N/A,#N/A,484.98,#N/A
2022-07-28T23:56:31Z,#N/A,#N/A,484.43,#N/A
2022-07-28T23:56:32Z,#N/A,#N/A,483.53,#N/A
2022-07-28T23:56:33Z,#N/A,#N/A,485.88,#N/A
2022-07-28T23:56:34Z,#N/A,#N/A,483.92,#N/A
2022-07-28T23:56:35Z,#N/A,#N/A,483.07,#N/A
2022-07-28T23:56:36Z,7.62,8.69,485.42,2.44
2022-07-28T23:56:37Z,#N/A,#N/A,483.7,#N/A
2022-07-28T23:56:38Z,#N/A,#N/A,485.65,#N/A
2022-07-28T23:56:39Z,#N/A,#N/A,484.78,#N/A
2022-07-28T23:56:40Z,#N/A,#N/A,483.19,#N/A
2022-07-28T23:56:41Z,#N/A,#N/A,486.42,#N/A
2022-07-28T23:56:42Z,#N/A,#N/A,483.91,#N/A
2022-07-28T23:56:43Z,#N/A,#N/A,483.51,#N/A
2022-07-28T23:56:44Z,#N/A,#N/A,483.88,#N/A
2022-07-28T23:56:45Z,#N/A,#N/A,482.57,#N/A
2022-07-28T23:56:46Z,7.7,8.35,483.73,1.53
2022-07-28T23:56:47Z,#N/A,#N/A,486.88,#N/A
2022-07-28T23:56:48Z,#N/A,#N/A,485.24,#N/A
2022-07-28T23:56:49Z,#N/A,#N/A,484.29,#N/A
2022-07-28T23:56:50Z,#N/A,#N/A,483.74,#N/A
2022-07-28T23:56:51Z,#N/A,#N/A,483.25,#N/A
2022-07-28T23:56:52Z,#N/A,#N/A,484.39,#N/A
2022-07-28T23:56:53Z,#N/A,#N/A,484.22,#N/A
2022-07-28T23:56:54Z,#N/A,#N/A,484.56,#N/A
2022-07-28T23:56:55Z,#N/A,#N/A,483.38,#N/A
2022-07-28T23:56:56Z,7.66,8.43,485.02,3.05
2022-07-28T23:56:57Z,#N/A,#N/A,484.07,#N/A
2022-07-28T23:56:58Z,#N/A,#N/A,482.82,#N/A
2022-07-28T23:56:59Z,#N/A,#N/A,484.15,#N/A
2022-07-28T23:57:00Z,#N/A,#N/A,484,#N/A
2022-07-28T23:57:01Z,#N/A,#N/A,483.59,#N/A
2022-07-28T23:57:02Z,#N/A,#N/A,485.32,#N/A
2022-07-28T23:57:03Z,#N/A,#N/A,483.03,#N/A
2022-07-28T23:57:04Z,#N/A,#N/A,485.24,#N/A
2022-07-28T23:57:05Z,#N/A,#N/A,484.07,#N/A
2022-07-28T23:57:06Z,7.65,8.36,482.96,-1.53
2022-07-28T23:57:07Z,#N/A,#N/A,484.29,#N/A
2022-07-28T23:57:08Z,#N/A,#N/A,483.26,#N/A
2022-07-28T23:57:09Z,#N/A,#N/A,483.58,#N/A
2022-07-28T23:57:10Z,#N/A,#N/A,484.99,#N/A
2022-07-28T23:57:11Z,#N/A,#N/A,484.45,#N/A
2022-07-28T23:57:12Z,#N/A,#N/A,483.93,#N/A
2022-07-28T23:57:13Z,#N/A,#N/A,485.79,#N/A
2022-07-28T23:57:14Z,#N/A,#N/A,483.84,#N/A
2022-07-28T23:57:15Z,#N/A,#N/A,485.44,#N/A
2022-07-28T23:57:16Z,7.67,8.29,484.1,3.05
2022-07-28T23:57:17Z,#N/A,#N/A,484.08,#N/A
2022-07-28T23:57:18Z,#N/A,#N/A,484.55,#N/A
2022-07-28T23:57:19Z,#N/A,#N/A,486.52,#N/A
2022-07-28T23:57:20Z,#N/A,#N/A,484.16,#N/A
2022-07-28T23:57:21Z,#N/A,#N/A,482.98,#N/A
2022-07-28T23:57:22Z,#N/A,#N/A,483.61,#N/A
2022-07-28T23:57:23Z,#N/A,#N/A,485.95,#N/A
2022-07-28T23:57:24Z,#N/A,#N/A,483.82,#N/A
2022-07-28T23:57:25Z,#N/A,#N/A,484.6,#N/A
2022-07-28T23:57:26Z,7.73,8.28,484.14,2.29
2022-07-28T23:57:27Z,#N/A,#N/A,484.53,#N/A
2022-07-28T23:57:28Z,#N/A,#N/A,484.85,#N/A
2022-07-28T23:57:29Z,#N/A,#N/A,483.35,#N/A
2022-07-28T23:57:30Z,#N/A,#N/A,484.92,#N/A
2022-07-28T23:57:31Z,#N/A,#N/A,483.35,#N/A
2022-07-28T23:57:32Z,#N/A,#N/A,484.29,#N/A
2022-07-28T23:57:33Z,#N/A,#N/A,483.52,#N/A
2022-07-28T23:57:34Z,#N/A,#N/A,484.94,#N/A
2022-07-28T23:57:35Z,#N/A,#N/A,481.35,#N/A
2022-07-28T23:57:36Z,7.68,8.31,483.62,2.44
2022-07-28T23:57:37Z,#N/A,#N/A,483.9,#N/A
2022-07-28T23:57:38Z,#N/A,#N/A,483.75,#N/A
2022-07-28T23:57:39Z,#N/A,#N/A,484.32,#N/A
2022-07-28T23:57:40Z,#N/A,#N/A,485.26,#N/A
2022-07-28T23:57:41Z,#N/A,#N/A,485.03,#N/A
2022-07-28T23:57:42Z,#N/A,#N/A,484.48,#N/A
2022-07-28T23:57:43Z,#N/A,#N/A,485.73,#N/A
2022-07-28T23:57:44Z,#N/A,#N/A,485.26,#N/A
2022-07-28T23:57:45Z,#N/A,#N/A,483.19,#N/A
2022-07-28T23:57:46Z,7.76,8.3,485.16,2.44
2022-07-28T23:57:47Z,#N/A,#N/A,484.14,#N/A
2022-07-28T23:57:48Z,#N/A,#N/A,484.22,#N/A
2022-07-28T23:57:49Z,#N/A,#N/A,483.75,#N/A
2022-07-28T23:57:50Z,#N/A,#N/A,483.35,#N/A
2022-07-28T23:57:51Z,#N/A,#N/A,485.16,#N/A
2022-07-28T23:57:52Z,#N/A,#N/A,483.27,#N/A
2022-07-28T23:57:53Z,#N/A,#N/A,483.43,#N/A
2022-07-28T23:57:54Z,#N/A,#N/A,484.53,#N/A
2022-07-28T23:57:55Z,#N/A,#N/A,483.83,#N/A
2022-07-28T23:57:56Z,7.8,8.38,485.23,1.22
2022-07-28T23:57:57Z,#N/A,#N/A,484.47,#N/A
2022-07-28T23:57:58Z,#N/A,#N/A,484.75,#N/A
2022-07-28T23:57:59Z,#N/A,#N/A,485.31,#N/A
2022-07-28T23:58:00Z,#N/A,#N/A,484.87,#N/A
2022-07-28T23:58:01Z,#N/A,#N/A,484.87,#N/A
2022-07-28T23:58:02Z,#N/A,#N/A,484.23,#N/A
2022-07-28T23:58:03Z,#N/A,#N/A,484,#N/A
2022-07-28T23:58:04Z,#N/A,#N/A,484.16,#N/A
2022-07-28T23:58:05Z,#N/A,#N/A,484.63,#N/A
2022-07-28T23:58:06Z,7.81,8.45,484.16,2.29
2022-07-28T23:58:07Z,#N/A,#N/A,483.99,#N/A
2022-07-28T23:58:08Z,#N/A,#N/A,483.99,#N/A
2022-07-28T23:58:09Z,#N/A,#N/A,484.62,#N/A
2022-07-28T23:58:10Z,#N/A,#N/A,484.38,#N/A
2022-07-28T23:58:11Z,#N/A,#N/A,484.3,#N/A
2022-07-28T23:58:12Z,#N/A,#N/A,486.74,#N/A
2022-07-28T23:58:13Z,#N/A,#N/A,484.37,#N/A
2022-07-28T23:58:14Z,#N/A,#N/A,485.16,#N/A
2022-07-28T23:58:15Z,#N/A,#N/A,488.07,#N/A
2022-07-28T23:58:16Z,7.86,8.57,483.99,1.83
2022-07-28T23:58:17Z,#N/A,#N/A,484.61,#N/A
2022-07-28T23:58:18Z,#N/A,#N/A,482.81,#N/A
2022-07-28T23:58:19Z,#N/A,#N/A,484.65,#N/A
2022-07-28T23:58:20Z,#N/A,#N/A,483.79,#N/A
2022-07-28T23:58:21Z,#N/A,#N/A,484.63,#N/A
2022-07-28T23:58:22Z,#N/A,#N/A,484.31,#N/A
2022-07-28T23:58:23Z,#N/A,#N/A,484.31,#N/A
2022-07-28T23:58:24Z,#N/A,#N/A,484.08,#N/A
2022-07-28T23:58:25Z,#N/A,#N/A,483.93,#N/A
2022-07-28T23:58:26Z,7.86,8.59,483.53,2.29
2022-07-28T23:58:27Z,#N/A,#N/A,483.76,#N/A
2022-07-28T23:58:28Z,#N/A,#N/A,483.67,#N/A
2022-07-28T23:58:29Z,#N/A,#N/A,484.3,#N/A
2022-07-28T23:58:30Z,#N/A,#N/A,484.22,#N/A
2022-07-28T23:58:31Z,#N/A,#N/A,484.38,#N/A
2022-07-28T23:58:32Z,#N/A,#N/A,484.14,#N/A
2022-07-28T23:58:33Z,#N/A,#N/A,483.82,#N/A
2022-07-28T23:58:34Z,#N/A,#N/A,484.85,#N/A
2022-07-28T23:58:35Z,#N/A,#N/A,483.83,#N/A
2022-07-28T23:58:36Z,7.85,8.65,484.3,2.14
2022-07-28T23:58:37Z,#N/A,#N/A,484.93,#N/A
2022-07-28T23:58:38Z,#N/A,#N/A,484.85,#N/A
2022-07-28T23:58:39Z,#N/A,#N/A,483.53,#N/A
2022-07-28T23:58:40Z,#N/A,#N/A,484.05,#N/A
2022-07-28T23:58:41Z,#N/A,#N/A,484.25,#N/A
2022-07-28T23:58:42Z,#N/A,#N/A,484.76,#N/A
2022-07-28T23:58:43Z,#N/A,#N/A,484.52,#N/A
2022-07-28T23:58:44Z,#N/A,#N/A,484.71,#N/A
2022-07-28T23:58:45Z,#N/A,#N/A,483.22,#N/A
2022-07-28T23:58:46Z,7.9,9.52,483.7,2.44
2022-07-28T23:58:47Z,#N/A,#N/A,484.25,#N/A
2022-07-28T23:58:48Z,#N/A,#N/A,484.4,#N/A
2022-07-28T23:58:49Z,#N/A,#N/A,435.78,#N/A
2022-07-28T23:58:50Z,#N/A,#N/A,410.98,#N/A
2022-07-28T23:58:51Z,#N/A,#N/A,413.64,#N/A
2022-07-28T23:58:52Z,#N/A,#N/A,415.06,#N/A
2022-07-28T23:58:53Z,#N/A,#N/A,415.61,#N/A
2022-07-28T23:58:54Z,#N/A,#N/A,415.29,#N/A
2022-07-28T23:58:55Z,#N/A,#N/A,416.16,#N/A
2022-07-28T23:58:56Z,7.94,10.3,416.46,2.9
2022-07-28T23:58:57Z,#N/A,#N/A,416.31,#N/A
2022-07-28T23:58:58Z,#N/A,#N/A,415.68,#N/A
2022-07-28T23:58:59Z,#N/A,#N/A,415.92,#N/A
2022-07-28T23:59:00Z,#N/A,#N/A,416.56,#N/A
2022-07-28T23:59:01Z,#N/A,#N/A,416.24,#N/A
2022-07-28T23:59:02Z,#N/A,#N/A,416.04,#N/A
2022-07-28T23:59:03Z,#N/A,#N/A,416.12,#N/A
2022-07-28T23:59:04Z,#N/A,#N/A,416.19,#N/A
2022-07-28T23:59:05Z,#N/A,#N/A,415.95,#N/A
2022-07-28T23:59:06Z,7.93,10.67,416.57,2.29
2022-07-28T23:59:07Z,#N/A,#N/A,417.36,#N/A
2022-07-28T23:59:08Z,#N/A,#N/A,418.3,#N/A
2022-07-28T23:59:09Z,#N/A,#N/A,419.65,#N/A
2022-07-28T23:59:10Z,#N/A,#N/A,420.74,#N/A
2022-07-28T23:59:11Z,#N/A,#N/A,421.14,#N/A
2022-07-28T23:59:12Z,#N/A,#N/A,422.06,#N/A
2022-07-28T23:59:13Z,#N/A,#N/A,422.61,#N/A
2022-07-28T23:59:14Z,#N/A,#N/A,424.1,#N/A
2022-07-28T23:59:15Z,#N/A,#N/A,424.26,#N/A
2022-07-28T23:59:16Z,7.9,10.82,425.36,1.98
2022-07-28T23:59:17Z,#N/A,#N/A,425.29,#N/A
2022-07-28T23:59:18Z,#N/A,#N/A,426.94,#N/A
2022-07-28T23:59:19Z,#N/A,#N/A,428.04,#N/A
2022-07-28T23:59:20Z,#N/A,#N/A,428.59,#N/A
2022-07-28T23:59:21Z,#N/A,#N/A,428.36,#N/A
2022-07-28T23:59:22Z,#N/A,#N/A,430.08,#N/A
2022-07-28T23:59:23Z,#N/A,#N/A,430.95,#N/A
2022-07-28T23:59:24Z,#N/A,#N/A,431.27,#N/A
2022-07-28T23:59:25Z,#N/A,#N/A,431.8,#N/A
2022-07-28T23:59:26Z,7.86,10.88,431.64,1.53
2022-07-28T23:59:27Z,#N/A,#N/A,432.86,#N/A
2022-07-28T23:59:28Z,#N/A,#N/A,433.02,#N/A
2022-07-28T23:59:29Z,#N/A,#N/A,433.26,#N/A
2022-07-28T23:59:30Z,#N/A,#N/A,435.07,#N/A
2022-07-28T23:59:31Z,#N/A,#N/A,434.99,#N/A
2022-07-28T23:59:32Z,#N/A,#N/A,435.3,#N/A
2022-07-28T23:59:33Z,#N/A,#N/A,436.63,#N/A
2022-07-28T23:59:34Z,#N/A,#N/A,436.78,#N/A
2022-07-28T23:59:35Z,#N/A,#N/A,437.8,#N/A
2022-07-28T23:59:36Z,7.84,10.91,437.88,1.68
2022-07-28T23:59:37Z,#N/A,#N/A,438.51,#N/A
2022-07-28T23:59:38Z,#N/A,#N/A,438.99,#N/A
2022-07-28T23:59:39Z,#N/A,#N/A,439.69,#N/A
2022-07-28T23:59:40Z,#N/A,#N/A,440.24,#N/A
2022-07-28T23:59:41Z,#N/A,#N/A,441.02,#N/A
2022-07-28T23:59:42Z,#N/A,#N/A,441.5,#N/A
2022-07-28T23:59:43Z,#N/A,#N/A,441.42,#N/A
2022-07-28T23:59:44Z,#N/A,#N/A,442.44,#N/A
2022-07-28T23:59:45Z,#N/A,#N/A,442.45,#N/A
2022-07-28T23:59:46Z,7.82,10.91,442.45,1.68
2022-07-28T23:59:47Z,#N/A,#N/A,443.61,#N/A
2022-07-28T23:59:48Z,#N/A,#N/A,443.97,#N/A
2022-07-28T23:59:49Z,#N/A,#N/A,444.59,#N/A
2022-07-28T23:59:50Z,#N/A,#N/A,444.91,#N/A
2022-07-28T23:59:51Z,#N/A,#N/A,445.38,#N/A
2022-07-28T23:59:52Z,#N/A,#N/A,445.7,#N/A
2022-07-28T23:59:53Z,#N/A,#N/A,445.62,#N/A
2022-07-28T23:59:54Z,#N/A,#N/A,446.24,#N/A
2022-07-28T23:59:55Z,#N/A,#N/A,446.31,#N/A
2022-07-28T23:59:56Z,7.8,10.89,446.62,1.83
2022-07-28T23:59:57Z,#N/A,#N/A,447.49,#N/A
2022-07-28T23:59:58Z,#N/A,#N/A,448.67,#N/A
2022-07-28T23:59:59Z,#N/A,#N/A,449.53,#N/A
2022-07-29T00:00:00Z,#N/A,#N/A,450,#N/A
2022-07-29T00:00:01Z,#N/A,#N/A,449.13,#N/A
2022-07-29T00:00:02Z,#N/A,#N/A,450.32,#N/A
2022-07-29T00:00:03Z,#N/A,#N/A,450.71,#N/A
2022-07-29T00:00:04Z,#N/A,#N/A,451.03,#N/A
2022-07-29T00:00:05Z,#N/A,#N/A,451.89,#N/A
2022-07-29T00:00:06Z,7.79,10.88,452.44,1.98
2022-07-29T00:00:07Z,#N/A,#N/A,452.83,#N/A
2022-07-29T00:00:08Z,#N/A,#N/A,452.99,#N/A
2022-07-29T00:00:09Z,#N/A,#N/A,453.31,#N/A
2022-07-29T00:00:10Z,#N/A,#N/A,454.19,#N/A
2022-07-29T00:00:11Z,#N/A,#N/A,454.43,#N/A
2022-07-29T00:00:12Z,#N/A,#N/A,455.06,#N/A
2022-07-29T00:00:13Z,#N/A,#N/A,454.98,#N/A
2022-07-29T00:00:14Z,#N/A,#N/A,455.77,#N/A
2022-07-29T00:00:15Z,#N/A,#N/A,456.95,#N/A
2022-07-29T00:00:16Z,7.78,10.86,456.47,1.83
2022-07-29T00:00:17Z,#N/A,#N/A,457.01,#N/A
2022-07-29T00:00:18Z,#N/A,#N/A,457.41,#N/A
2022-07-29T00:00:19Z,#N/A,#N/A,458.43,#N/A
2022-07-29T00:00:20Z,#N/A,#N/A,459.61,#N/A
2022-07-29T00:00:21Z,#N/A,#N/A,459.37,#N/A
2022-07-29T00:00:22Z,#N/A,#N/A,459.45,#N/A
2022-07-29T00:00:23Z,#N/A,#N/A,460,#N/A
2022-07-29T00:00:24Z,#N/A,#N/A,460.62,#N/A
2022-07-29T00:00:25Z,#N/A,#N/A,460.78,#N/A
2022-07-29T00:00:26Z,7.78,10.84,461.81,1.53
2022-07-29T00:00:27Z,#N/A,#N/A,462.05,#N/A
2022-07-29T00:00:28Z,#N/A,#N/A,462.06,#N/A
2022-07-29T00:00:29Z,#N/A,#N/A,463.11,#N/A
2022-07-29T00:00:30Z,#N/A,#N/A,463.29,#N/A
2022-07-29T00:00:31Z,#N/A,#N/A,463.24,#N/A
2022-07-29T00:00:32Z,#N/A,#N/A,463.96,#N/A
2022-07-29T00:00:33Z,#N/A,#N/A,464.74,#N/A
2022-07-29T00:00:34Z,#N/A,#N/A,464.59,#N/A
2022-07-29T00:00:35Z,#N/A,#N/A,465.61,#N/A
2022-07-29T00:00:36Z,7.78,10.83,465.54,1.98
2022-07-29T00:00:37Z,#N/A,#N/A,466.09,#N/A
2022-07-29T00:00:38Z,#N/A,#N/A,466.95,#N/A
2022-07-29T00:00:39Z,#N/A,#N/A,468.03,#N/A
2022-07-29T00:00:40Z,#N/A,#N/A,467.72,#N/A
2022-07-29T00:00:41Z,#N/A,#N/A,468.34,#N/A
2022-07-29T00:00:42Z,#N/A,#N/A,468.27,#N/A
2022-07-29T00:00:43Z,#N/A,#N/A,468.66,#N/A
2022-07-29T00:00:44Z,#N/A,#N/A,470.23,#N/A
2022-07-29T00:00:45Z,#N/A,#N/A,470.23,#N/A
2022-07-29T00:00:46Z,7.77,10.81,470.16,1.68
2022-07-29T00:00:47Z,#N/A,#N/A,471.26,#N/A
2022-07-29T00:00:48Z,#N/A,#N/A,471.1,#N/A
2022-07-29T00:00:49Z,#N/A,#N/A,471.73,#N/A
2022-07-29T00:00:50Z,#N/A,#N/A,472.9,#N/A
2022-07-29T00:00:51Z,#N/A,#N/A,473.84,#N/A
2022-07-29T00:00:52Z,#N/A,#N/A,472.69,#N/A
2022-07-29T00:00:53Z,#N/A,#N/A,473.72,#N/A
2022-07-29T00:00:54Z,#N/A,#N/A,473.33,#N/A
2022-07-29T00:00:55Z,#N/A,#N/A,474.66,#N/A
2022-07-29T00:00:56Z,7.77,10.79,474.89,1.98
2022-07-29T00:00:57Z,#N/A,#N/A,475.69,#N/A
2022-07-29T00:00:58Z,#N/A,#N/A,476.48,#N/A
2022-07-29T00:00:59Z,#N/A,#N/A,477.18,#N/A
2022-07-29T00:01:00Z,#N/A,#N/A,477.25,#N/A
2022-07-29T00:01:01Z,#N/A,#N/A,477.79,#N/A
2022-07-29T00:01:02Z,#N/A,#N/A,477.55,#N/A
2022-07-29T00:01:03Z,#N/A,#N/A,478.1,#N/A
2022-07-29T00:01:04Z,#N/A,#N/A,478.26,#N/A
2022-07-29T00:01:05Z,#N/A,#N/A,479.44,#N/A
2022-07-29T00:01:06Z,7.76,10.78,478.89,1.83
2022-07-29T00:01:07Z,#N/A,#N/A,479.67,#N/A
2022-07-29T00:01:08Z,#N/A,#N/A,479.2,#N/A
2022-07-29T00:01:09Z,#N/A,#N/A,479.44,#N/A
2022-07-29T00:01:10Z,#N/A,#N/A,480.39,#N/A
2022-07-29T00:01:11Z,#N/A,#N/A,480,#N/A
2022-07-29T00:01:12Z,#N/A,#N/A,480.61,#N/A
2022-07-29T00:01:13Z,#N/A,#N/A,481.07,#N/A
2022-07-29T00:01:14Z,#N/A,#N/A,480.79,#N/A
2022-07-29T00:01:15Z,#N/A,#N/A,480.96,#N/A
2022-07-29T00:01:16Z,7.76,10.76,480.96,1.98
2022-07-29T00:01:17Z,#N/A,#N/A,481.43,#N/A
2022-07-29T00:01:18Z,#N/A,#N/A,482.45,#N/A
2022-07-29T00:01:19Z,#N/A,#N/A,482.77,#N/A
2022-07-29T00:01:20Z,#N/A,#N/A,483.17,#N/A
2022-07-29T00:01:21Z,#N/A,#N/A,482.76,#N/A
2022-07-29T00:01:22Z,#N/A,#N/A,482.92,#N/A
2022-07-29T00:01:23Z,#N/A,#N/A,483.38,#N/A
2022-07-29T00:01:24Z,#N/A,#N/A,484.64,#N/A
2022-07-29T00:01:25Z,#N/A,#N/A,484.01,#N/A
2022-07-29T00:01:26Z,7.76,10.75,483.62,1.98
2022-07-29T00:01:27Z,#N/A,#N/A,484.79,#N/A
2022-07-29T00:01:28Z,#N/A,#N/A,484.32,#N/A
2022-07-29T00:01:29Z,#N/A,#N/A,484.87,#N/A
2022-07-29T00:01:30Z,#N/A,#N/A,484.71,#N/A
2022-07-29T00:01:31Z,#N/A,#N/A,484.32,#N/A
2022-07-29T00:01:32Z,#N/A,#N/A,485.19,#N/A
2022-07-29T00:01:33Z,#N/A,#N/A,486.29,#N/A
2022-07-29T00:01:34Z,#N/A,#N/A,486.01,#N/A
2022-07-29T00:01:35Z,#N/A,#N/A,486.28,#N/A
2022-07-29T00:01:36Z,7.76,10.73,486.7,1.98
2022-07-29T00:01:37Z,#N/A,#N/A,486.79,#N/A
2022-07-29T00:01:38Z,#N/A,#N/A,487.1,#N/A
2022-07-29T00:01:39Z,#N/A,#N/A,486.87,#N/A
2022-07-29T00:01:40Z,#N/A,#N/A,486.63,#N/A
2022-07-29T00:01:41Z,#N/A,#N/A,487.66,#N/A
2022-07-29T00:01:42Z,#N/A,#N/A,486.86,#N/A
2022-07-29T00:01:43Z,#N/A,#N/A,487.17,#N/A
2022-07-29T00:01:44Z,#N/A,#N/A,487.88,#N/A
2022-07-29T00:01:45Z,#N/A,#N/A,488.34,#N/A
2022-07-29T00:01:46Z,7.76,10.72,488.1,1.83
2022-07-29T00:01:47Z,#N/A,#N/A,487.86,#N/A
2022-07-29T00:01:48Z,#N/A,#N/A,488.34,#N/A
2022-07-29T00:01:49Z,#N/A,#N/A,488.97,#N/A
2022-07-29T00:01:50Z,#N/A,#N/A,489.75,#N/A
2022-07-29T00:01:51Z,#N/A,#N/A,488.42,#N/A
2022-07-29T00:01:52Z,#N/A,#N/A,488.49,#N/A
2022-07-29T00:01:53Z,#N/A,#N/A,488.57,#N/A
2022-07-29T00:01:54Z,#N/A,#N/A,488.27,#N/A
2022-07-29T00:01:55Z,#N/A,#N/A,488.1,#N/A
2022-07-29T00:01:56Z,7.76,10.71,488.64,1.83
2022-07-29T00:01:57Z,#N/A,#N/A,489,#N/A
2022-07-29T00:01:58Z,#N/A,#N/A,488.52,#N/A
2022-07-29T00:01:59Z,#N/A,#N/A,489.46,#N/A
2022-07-29T00:02:00Z,#N/A,#N/A,488.84,#N/A
2022-07-29T00:02:01Z,#N/A,#N/A,488.6,#N/A
2022-07-29T00:02:02Z,#N/A,#N/A,489.23,#N/A
2022-07-29T00:02:03Z,#N/A,#N/A,488.44,#N/A
2022-07-29T00:02:04Z,#N/A,#N/A,489.22,#N/A
2022-07-29T00:02:05Z,#N/A,#N/A,489.61,#N/A
2022-07-29T00:02:06Z,7.75,10.69,489.28,1.83
2022-07-29T00:02:07Z,#N/A,#N/A,488.58,#N/A
2022-07-29T00:02:08Z,#N/A,#N/A,488.81,#N/A
2022-07-29T00:02:09Z,#N/A,#N/A,489.75,#N/A
2022-07-29T00:02:10Z,#N/A,#N/A,489.68,#N/A
2022-07-29T00:02:11Z,#N/A,#N/A,489.76,#N/A
2022-07-29T00:02:12Z,#N/A,#N/A,490.23,#N/A
2022-07-29T00:02:13Z,#N/A,#N/A,489.83,#N/A
2022-07-29T00:02:14Z,#N/A,#N/A,490.7,#N/A
2022-07-29T00:02:15Z,#N/A,#N/A,490.16,#N/A
2022-07-29T00:02:16Z,7.73,10.69,489.68,2.9
2022-07-29T00:02:17Z,#N/A,#N/A,490.64,#N/A
2022-07-29T00:02:18Z,#N/A,#N/A,490.6,#N/A
2022-07-29T00:02:19Z,#N/A,#N/A,490.72,#N/A
2022-07-29T00:02:20Z,#N/A,#N/A,490.49,#N/A
2022-07-29T00:02:21Z,#N/A,#N/A,491.36,#N/A
2022-07-29T00:02:22Z,#N/A,#N/A,490.49,#N/A
2022-07-29T00:02:23Z,#N/A,#N/A,490.33,#N/A
2022-07-29T00:02:24Z,#N/A,#N/A,490.49,#N/A
2022-07-29T00:02:25Z,#N/A,#N/A,490.65,#N/A
2022-07-29T00:02:26Z,7.72,10.68,490.88,1.37
2022-07-29T00:02:27Z,#N/A,#N/A,490.48,#N/A
2022-07-29T00:02:28Z,#N/A,#N/A,490.32,#N/A
2022-07-29T00:02:29Z,#N/A,#N/A,490.71,#N/A
2022-07-29T00:02:30Z,#N/A,#N/A,490.31,#N/A
2022-07-29T00:02:31Z,#N/A,#N/A,490.08,#N/A
2022-07-29T00:02:32Z,#N/A,#N/A,489.68,#N/A
2022-07-29T00:02:33Z,#N/A,#N/A,482.45,#N/A
2022-07-29T00:02:34Z,#N/A,#N/A,465.61,#N/A
2022-07-29T00:02:35Z,#N/A,#N/A,448.46,#N/A
2022-07-29T00:02:36Z,7.74,10.66,437.21,2.44
2022-07-29T00:02:37Z,#N/A,#N/A,427.79,#N/A
2022-07-29T00:02:38Z,#N/A,#N/A,423.78,#N/A
2022-07-29T00:02:39Z,#N/A,#N/A,420.9,#N/A
2022-07-29T00:02:40Z,#N/A,#N/A,419.39,#N/A
2022-07-29T00:02:41Z,#N/A,#N/A,417.98,#N/A
2022-07-29T00:02:42Z,#N/A,#N/A,417.69,#N/A
2022-07-29T00:02:43Z,#N/A,#N/A,417.3,#N/A
2022-07-29T00:02:44Z,#N/A,#N/A,417.54,#N/A
2022-07-29T00:02:45Z,#N/A,#N/A,417.77,#N/A
2022-07-29T00:02:46Z,7.74,10.66,416.75,1.53
2022-07-29T00:02:47Z,#N/A,#N/A,417.53,#N/A
2022-07-29T00:02:48Z,#N/A,#N/A,417.29,#N/A
2022-07-29T00:02:49Z,#N/A,#N/A,416.73,#N/A
2022-07-29T00:02:50Z,#N/A,#N/A,416.8,#N/A
2022-07-29T00:02:51Z,#N/A,#N/A,417.91,#N/A
2022-07-29T00:02:52Z,#N/A,#N/A,417.12,#N/A
2022-07-29T00:02:53Z,#N/A,#N/A,418.53,#N/A
2022-07-29T00:02:54Z,#N/A,#N/A,418.93,#N/A
2022-07-29T00:02:55Z,#N/A,#N/A,419.24,#N/A
2022-07-29T00:02:56Z,7.71,10.64,420.35,0.92
2022-07-29T00:02:57Z,#N/A,#N/A,421.53,#N/A
2022-07-29T00:02:58Z,#N/A,#N/A,422,#N/A
2022-07-29T00:02:59Z,#N/A,#N/A,423.1,#N/A
2022-07-29T00:03:00Z,#N/A,#N/A,424.52,#N/A
2022-07-29T00:03:01Z,#N/A,#N/A,424.97,#N/A
2022-07-29T00:03:02Z,#N/A,#N/A,425.72,#N/A
2022-07-29T00:03:03Z,#N/A,#N/A,426.11,#N/A
2022-07-29T00:03:04Z,#N/A,#N/A,427.05,#N/A
2022-07-29T00:03:05Z,#N/A,#N/A,427.61,#N/A
2022-07-29T00:03:06Z,7.7,10.61,428.79,0.31
2022-07-29T00:03:07Z,#N/A,#N/A,429.42,#N/A
2022-07-29T00:03:08Z,#N/A,#N/A,429.59,#N/A
2022-07-29T00:03:09Z,#N/A,#N/A,430.83,#N/A
2022-07-29T00:03:10Z,#N/A,#N/A,431.14,#N/A
2022-07-29T00:03:11Z,#N/A,#N/A,432.08,#N/A
2022-07-29T00:03:12Z,#N/A,#N/A,431.77,#N/A
2022-07-29T00:03:13Z,#N/A,#N/A,432.32,#N/A
2022-07-29T00:03:14Z,#N/A,#N/A,433.11,#N/A
2022-07-29T00:03:15Z,#N/A,#N/A,433.57,#N/A
2022-07-29T00:03:16Z,7.67,10.6,434.52,1.37
2022-07-29T00:03:17Z,#N/A,#N/A,434.83,#N/A
2022-07-29T00:03:18Z,#N/A,#N/A,435.06,#N/A
2022-07-29T00:03:19Z,#N/A,#N/A,436.32,#N/A
2022-07-29T00:03:20Z,#N/A,#N/A,437.11,#N/A
2022-07-29T00:03:21Z,#N/A,#N/A,437.43,#N/A
2022-07-29T00:03:22Z,#N/A,#N/A,437.7,#N/A
2022-07-29T00:03:23Z,#N/A,#N/A,438.44,#N/A
2022-07-29T00:03:24Z,#N/A,#N/A,438.41,#N/A
2022-07-29T00:03:25Z,#N/A,#N/A,439.16,#N/A
2022-07-29T00:03:26Z,7.65,10.59,439.42,1.68
2022-07-29T00:03:27Z,#N/A,#N/A,440.52,#N/A
2022-07-29T00:03:28Z,#N/A,#N/A,441.08,#N/A
2022-07-29T00:03:29Z,#N/A,#N/A,441.08,#N/A
2022-07-29T00:03:30Z,#N/A,#N/A,441.85,#N/A
2022-07-29T00:03:31Z,#N/A,#N/A,441.77,#N/A
2022-07-29T00:03:32Z,#N/A,#N/A,443.11,#N/A
2022-07-29T00:03:33Z,#N/A,#N/A,443.26,#N/A
2022-07-29T00:03:34Z,#N/A,#N/A,444.59,#N/A
2022-07-29T00:03:35Z,#N/A,#N/A,444.2,#N/A
2022-07-29T00:03:36Z,7.64,10.59,446.24,1.53
2022-07-29T00:03:37Z,#N/A,#N/A,446.32,#N/A
2022-07-29T00:03:38Z,#N/A,#N/A,446.4,#N/A
2022-07-29T00:03:39Z,#N/A,#N/A,447.49,#N/A
2022-07-29T00:03:40Z,#N/A,#N/A,447.42,#N/A
2022-07-29T00:03:41Z,#N/A,#N/A,448.05,#N/A
2022-07-29T00:03:42Z,#N/A,#N/A,448.29,#N/A
2022-07-29T00:03:43Z,#N/A,#N/A,448.68,#N/A
2022-07-29T00:03:44Z,#N/A,#N/A,449.31,#N/A
2022-07-29T00:03:45Z,#N/A,#N/A,449.84,#N/A
2022-07-29T00:03:46Z,7.65,10.58,450.09,1.53
2022-07-29T00:03:47Z,#N/A,#N/A,450.37,#N/A
2022-07-29T00:03:48Z,#N/A,#N/A,450.91,#N/A
2022-07-29T00:03:49Z,#N/A,#N/A,452.01,#N/A
2022-07-29T00:03:50Z,#N/A,#N/A,452.25,#N/A
2022-07-29T00:03:51Z,#N/A,#N/A,452.17,#N/A
2022-07-29T00:03:52Z,#N/A,#N/A,453.42,#N/A
2022-07-29T00:03:53Z,#N/A,#N/A,453.1,#N/A
2022-07-29T00:03:54Z,#N/A,#N/A,453.72,#N/A
2022-07-29T00:03:55Z,#N/A,#N/A,454.35,#N/A
2022-07-29T00:03:56Z,7.65,10.57,454.81,1.53
2022-07-29T00:03:57Z,#N/A,#N/A,455.37,#N/A
2022-07-29T00:03:58Z,#N/A,#N/A,456.39,#N/A
2022-07-29T00:03:59Z,#N/A,#N/A,455.92,#N/A
2022-07-29T00:04:00Z,#N/A,#N/A,456.15,#N/A
2022-07-29T00:04:01Z,#N/A,#N/A,457.25,#N/A
2022-07-29T00:04:02Z,#N/A,#N/A,457.01,#N/A
2022-07-29T00:04:03Z,#N/A,#N/A,457.41,#N/A
2022-07-29T00:04:04Z,#N/A,#N/A,457.66,#N/A
2022-07-29T00:04:05Z,#N/A,#N/A,458.81,#N/A
2022-07-29T00:04:06Z,7.65,10.58,458.57,1.83
2022-07-29T00:04:07Z,#N/A,#N/A,459.16,#N/A
2022-07-29T00:04:08Z,#N/A,#N/A,459.5,#N/A
2022-07-29T00:04:09Z,#N/A,#N/A,459.09,#N/A
2022-07-29T00:04:10Z,#N/A,#N/A,460.11,#N/A
2022-07-29T00:04:11Z,#N/A,#N/A,459.8,#N/A
2022-07-29T00:04:12Z,#N/A,#N/A,460.43,#N/A
2022-07-29T00:04:13Z,#N/A,#N/A,460.59,#N/A
2022-07-29T00:04:14Z,#N/A,#N/A,460.74,#N/A
2022-07-29T00:04:15Z,#N/A,#N/A,461.84,#N/A
2022-07-29T00:04:16Z,7.66,10.57,460.96,1.68
2022-07-29T00:04:17Z,#N/A,#N/A,461.98,#N/A
2022-07-29T00:04:18Z,#N/A,#N/A,461.91,#N/A
2022-07-29T00:04:19Z,#N/A,#N/A,461.75,#N/A
2022-07-29T00:04:20Z,#N/A,#N/A,462.62,#N/A
2022-07-29T00:04:21Z,#N/A,#N/A,463.08,#N/A
2022-07-29T00:04:22Z,#N/A,#N/A,463.16,#N/A
2022-07-29T00:04:23Z,#N/A,#N/A,463.39,#N/A
2022-07-29T00:04:24Z,#N/A,#N/A,463.63,#N/A
2022-07-29T00:04:25Z,#N/A,#N/A,463.8,#N/A
2022-07-29T00:04:26Z,7.67,10.57,464.9,1.37
2022-07-29T00:04:27Z,#N/A,#N/A,464.6,#N/A
2022-07-29T00:04:28Z,#N/A,#N/A,465.08,#N/A
2022-07-29T00:04:29Z,#N/A,#N/A,465.16,#N/A
2022-07-29T00:04:30Z,#N/A,#N/A,464.99,#N/A
2022-07-29T00:04:31Z,#N/A,#N/A,465.85,#N/A
2022-07-29T00:04:32Z,#N/A,#N/A,465.78,#N/A
2022-07-29T00:04:33Z,#N/A,#N/A,466.49,#N/A
2022-07-29T00:04:34Z,#N/A,#N/A,466.89,#N/A
2022-07-29T00:04:35Z,#N/A,#N/A,467.05,#N/A
2022-07-29T00:04:36Z,7.66,10.56,466.89,1.37
2022-07-29T00:04:37Z,#N/A,#N/A,466.95,#N/A
2022-07-29T00:04:38Z,#N/A,#N/A,466.95,#N/A
2022-07-29T00:04:39Z,#N/A,#N/A,467.34,#N/A
2022-07-29T00:04:40Z,#N/A,#N/A,467.34,#N/A
2022-07-29T00:04:41Z,#N/A,#N/A,467.18,#N/A
2022-07-29T00:04:42Z,#N/A,#N/A,468.52,#N/A
2022-07-29T00:04:43Z,#N/A,#N/A,468.37,#N/A
2022-07-29T00:04:44Z,#N/A,#N/A,469.46,#N/A
2022-07-29T00:04:45Z,#N/A,#N/A,469.22,#N/A
2022-07-29T00:04:46Z,7.68,10.57,470.25,2.14
2022-07-29T00:04:47Z,#N/A,#N/A,469.78,#N/A
2022-07-29T00:04:48Z,#N/A,#N/A,470.49,#N/A
2022-07-29T00:04:49Z,#N/A,#N/A,470.51,#N/A
2022-07-29T00:04:50Z,#N/A,#N/A,470.49,#N/A
2022-07-29T00:04:51Z,#N/A,#N/A,470.99,#N/A
2022-07-29T00:04:52Z,#N/A,#N/A,470.82,#N/A
2022-07-29T00:04:53Z,#N/A,#N/A,471.14,#N/A
2022-07-29T00:04:54Z,#N/A,#N/A,471.3,#N/A
2022-07-29T00:04:55Z,#N/A,#N/A,471.53,#N/A
2022-07-29T00:04:56Z,7.69,10.56,471.3,1.83
2022-07-29T00:04:57Z,#N/A,#N/A,471.3,#N/A
2022-07-29T00:04:58Z,#N/A,#N/A,472,#N/A
2022-07-29T00:04:59Z,#N/A,#N/A,471.37,#N/A
2022-07-29T00:05:00Z,#N/A,#N/A,471.2,#N/A
2022-07-29T00:05:01Z,#N/A,#N/A,471.82,#N/A
2022-07-29T00:05:02Z,#N/A,#N/A,472.7,#N/A
2022-07-29T00:05:03Z,#N/A,#N/A,472.69,#N/A
2022-07-29T00:05:04Z,#N/A,#N/A,472.85,#N/A
2022-07-29T00:05:05Z,#N/A,#N/A,472.22,#N/A
2022-07-29T00:05:06Z,7.7,10.56,472.53,1.37
2022-07-29T00:05:07Z,#N/A,#N/A,472.77,#N/A
2022-07-29T00:05:08Z,#N/A,#N/A,473.17,#N/A
2022-07-29T00:05:09Z,#N/A,#N/A,472.78,#N/A
2022-07-29T00:05:10Z,#N/A,#N/A,473.01,#N/A
2022-07-29T00:05:11Z,#N/A,#N/A,473.32,#N/A
2022-07-29T00:05:12Z,#N/A,#N/A,473.26,#N/A
2022-07-29T00:05:13Z,#N/A,#N/A,473.2,#N/A
2022-07-29T00:05:14Z,#N/A,#N/A,473.5,#N/A
2022-07-29T00:05:15Z,#N/A,#N/A,473.97,#N/A
2022-07-29T00:05:16Z,7.72,10.57,473.9,1.68
2022-07-29T00:05:17Z,#N/A,#N/A,473.58,#N/A
2022-07-29T00:05:18Z,#N/A,#N/A,474.45,#N/A
2022-07-29T00:05:19Z,#N/A,#N/A,473.9,#N/A
2022-07-29T00:05:20Z,#N/A,#N/A,473.73,#N/A
2022-07-29T00:05:21Z,#N/A,#N/A,473.64,#N/A
2022-07-29T00:05:22Z,#N/A,#N/A,473.96,#N/A
2022-07-29T00:05:23Z,#N/A,#N/A,474.19,#N/A
2022-07-29T00:05:24Z,#N/A,#N/A,474.74,#N/A
2022-07-29T00:05:25Z,#N/A,#N/A,474.89,#N/A
2022-07-29T00:05:26Z,7.72,10.56,474.43,1.98
2022-07-29T00:05:27Z,#N/A,#N/A,474.9,#N/A
2022-07-29T00:05:28Z,#N/A,#N/A,474.42,#N/A
2022-07-29T00:05:29Z,#N/A,#N/A,474.49,#N/A
2022-07-29T00:05:30Z,#N/A,#N/A,474.11,#N/A
2022-07-29T00:05:31Z,#N/A,#N/A,474.67,#N/A
2022-07-29T00:05:32Z,#N/A,#N/A,469.75,#N/A
2022-07-29T00:05:33Z,#N/A,#N/A,463.1,#N/A
2022-07-29T00:05:34Z,#N/A,#N/A,454.47,#N/A
2022-07-29T00:05:35Z,#N/A,#N/A,440.98,#N/A
2022-07-29T00:05:36Z,7.73,10.11,429.5,2.14
2022-07-29T00:05:37Z,#N/A,#N/A,428.49,#N/A
2022-07-29T00:05:38Z,#N/A,#N/A,430.53,#N/A
2022-07-29T00:05:39Z,#N/A,#N/A,425.26,#N/A
2022-07-29T00:05:40Z,#N/A,#N/A,422.9,#N/A
2022-07-29T00:05:41Z,#N/A,#N/A,418.65,#N/A
2022-07-29T00:05:42Z,#N/A,#N/A,417.31,#N/A
2022-07-29T00:05:43Z,#N/A,#N/A,436.02,#N/A
2022-07-29T00:05:44Z,#N/A,#N/A,455.46,#N/A
2022-07-29T00:05:45Z,#N/A,#N/A,455.22,#N/A
2022-07-29T00:05:46Z,7.8,9.93,451.77,2.29
2022-07-29T00:05:47Z,#N/A,#N/A,451.13,#N/A
2022-07-29T00:05:48Z,#N/A,#N/A,449.56,#N/A
2022-07-29T00:05:49Z,#N/A,#N/A,440.82,#N/A
2022-07-29T00:05:50Z,#N/A,#N/A,431.55,#N/A
