datetime,temp_air,temp_soil,conc,PAR,turfID,type,start,end,fluxID,n_conc,ratio,flag
2022-07-28T23:43:35Z,NA,NA,NA,NA,156 AN2C 156,ER,2022-07-28T23:43:35Z,2022-07-28T23:47:05Z,1,70,0.3333333333333333,nb of data too low
2022-07-28T23:45:37Z,NA,NA,513.68,NA,156 AN2C 156,ER,2022-07-28T23:43:35Z,2022-07-28T23:47:05Z,1,70,0.3333333333333333,nb of data too low
2022-07-28T23:45:38Z,NA,NA,513.27,NA,156 AN2C 156,ER,2022-07-28T23:43:35Z,2022-07-28T23:47:05Z,1,70,0.3333333333333333,nb of data too low
2022-07-28T23:45:39Z,NA,NA,513.1,NA,156 AN2C 156,ER,2022-07-28T23:43:35Z,2022-07-28T23:47:05Z,1,70,0.3333333333333333,nb of data too low
2022-07-28T23:45:40Z,NA,NA,514.09,NA,156 AN2C 156,ER,2022-07-28T23:43:35Z,2022-07-28T23:47:05Z,1,70,0.3333333333333333,nb of data too low
2022-07-28T23:45:41Z,NA,NA,514.42,NA,156 AN2C 156,ER,2022-07-28T23:43:35Z,2022-07-28T23:47:05Z,1,70,0.3333333333333333,nb of data too low
2022-07-28T23:45:42Z,NA,NA,514.81,NA,156 AN2C 156,ER,2022-07-28T23:43:35Z,2022-07-28T23:47:05Z,1,70,0.3333333333333333,nb of data too low
2022-07-28T23:45:43Z,NA,NA,514.97,NA,156 AN2C 156,ER,2022-07-28T23:43:35Z,2022-07-28T23:47:05Z,1,70,0.3333333333333333,nb of data too low
2022-07-28T23:45:44Z,NA,NA,515.37,NA,156 AN2C 156,ER,2022-07-28T23:43:35Z,2022-07-28T23:47:05Z,1,70,0.3333333333333333,nb of data too low
2022-07-28T23:45:45Z,NA,NA,515.28,NA,156 AN2C 156,ER,2022-07-28T23:43:35Z,2022-07-28T23:47:05Z,1,70,0.3333333333333333,nb of data too low
2022-07-28T23:45:46Z,7.33,10.83,516.47,1.83,156 AN2C 156,ER,2022-07-28T23:43:35Z,2022-07-28T23:47:05Z,1,70,0.3333333333333333,nb of data too low
2022-07-28T23:45:47Z,NA,NA,516.39,NA,156 AN2C 156,ER,2022-07-28T23:43:35Z,2022-07-28T23:47:05Z,1,70,0.3333333333333333,nb of data too low
2022-07-28T23:45:48Z,NA,NA,517.24,NA,156 AN2C 156,ER,2022-07-28T23:43:35Z,2022-07-28T23:47:05Z,1,70,0.3333333333333333,nb of data too low
2022-07-28T23:45:49Z,NA,NA,516.92,NA,156 AN2C 156,ER,2022-07-28T23:43:35Z,2022-07-28T23:47:05Z,1,70,0.3333333333333333,nb of data too low
2022-07-28T23:45:50Z,NA,NA,517.63,NA,156 AN2C 156,ER,2022-07-28T23:43:35Z,2022-07-28T23:47:05Z,1,70,0.3333333333333333,nb of data too low
2022-07-28T23:45:51Z,NA,NA,518.42,NA,156 AN2C 156,ER,2022-07-28T23:43:35Z,2022-07-28T23:47:05Z,1,70,0.3333333333333333,nb of data too low
2022-07-28T23:45:52Z,NA,NA,518.97,NA,156 AN2C 156,ER,2022-07-28T23:43:35Z,2022-07-28T23:47:05Z,1,70,0.3333333333333333,nb of data too low
2022-07-28T23:45:53Z,NA,NA,518.8,NA,156 AN2C 156,ER,2022-07-28T23:43:35Z,2022-07-28T23:47:05Z,1,70,0.3333333333333333,nb of data too low
2022-07-28T23:45:54Z,NA,NA,519.28,NA,156 AN2C 156,ER,2022-07-28T23:43:35Z,2022-07-28T23:47:05Z,1,70,0.3333333333333333,nb of data too low
2022-07-28T23:45:55Z,NA,NA,519.67,NA,156 AN2C 156,ER,2022-07-28T23:43:35Z,2022-07-28T23:47:05Z,1,70,0.3333333333333333,nb of data too low
2022-07-28T23:45:56Z,7.35,10.83,519.83,1.68,156 AN2C 156,ER,2022-07-28T23:43:35Z,2022-07-28T23:47:05Z,1,70,0.3333333333333333,nb of data too low
2022-07-28T23:45:57Z,NA,NA,520.38,NA,156 AN2C 156,ER,2022-07-28T23:43:35Z,2022-07-28T23:47:05Z,1,70,0.3333333333333333,nb of data too low
2022-07-28T23:45:58Z,NA,NA,520.46,NA,156 AN2C 156,ER,2022-07-28T23:43:35Z,2022-07-28T23:47:05Z,1,70,0.3333333333333333,nb of data too low
2022-07-28T23:45:59Z,NA,NA,521.18,NA,156 AN2C 156,ER,2022-07-28T23:43:35Z,2022-07-28T23:47:05Z,1,70,0.3333333333333333,nb of data too low
2022-07-28T23:46:00Z,NA,NA,521.86,NA,156 AN2C 156,ER,2022-07-28T23:43:35Z,2022-07-28T23:47:05Z,1,70,0.3333333333333333,nb of data too low
2022-07-28T23:46:01Z,NA,NA,521.86,NA,156 AN2C 156,ER,2022-07-28T23:43:35Z,2022-07-28T23:47:05Z,1,70,0.3333333333333333,nb of data too low
2022-07-28T23:46:02Z,NA,NA,522.22,NA,156 AN2C 156,ER,2022-07-28T23:43:35Z,2022-07-28T23:47:05Z,1,70,0.3333333333333333,nb of data too low
2022-07-28T23:46:03Z,NA,NA,522.66,NA,156 AN2C 156,ER,2022-07-28T23:43:35Z,2022-07-28T23:47:05Z,1,70,0.3333333333333333,nb of data too low
2022-07-28T23:46:04Z,NA,NA,522.21,NA,156 AN2C 156,ER,2022-07-28T23:43:35Z,2022-07-28T23:47:05Z,1,70,0.3333333333333333,nb of data too low
2022-07-28T23:46:05Z,NA,NA,523.47,NA,156 AN2C 156,ER,2022-07-28T23:43:35Z,2022-07-28T23:47:05Z,1,70,0.3333333333333333,nb of data too low
2022-07-28T23:46:06Z,7.36,10.84,523.56,2.14,156 AN2C 156,ER,2022-07-28T23:43:35Z,2022-07-28T23:47:05Z,1,70,0.3333333333333333,nb of data too low
2022-07-28T23:46:07Z,NA,NA,523.71,NA,156 AN2C 156,ER,2022-07-28T23:43:35Z,2022-07-28T23:47:05Z,1,70,0.3333333333333333,nb of data too low
2022-07-28T23:46:08Z,NA,NA,524.58,NA,156 AN2C 156,ER,2022-07-28T23:43:35Z,2022-07-28T23:47:05Z,1,70,0.3333333333333333,nb of data too low
2022-07-28T23:46:09Z,NA,NA,523.94,NA,156 AN2C 156,ER,2022-07-28T23:43:35Z,2022-07-28T23:47:05Z,1,70,0.3333333333333333,nb of data too low
2022-07-28T23:46:10Z,NA,NA,523.93,NA,156 AN2C 156,ER,2022-07-28T23:43:35Z,2022-07-28T23:47:05Z,1,70,0.3333333333333333,nb of data too low
2022-07-28T23:46:11Z,NA,NA,525.58,NA,156 AN2C 156,ER,2022-07-28T23:43:35Z,2022-07-28T23:47:05Z,1,70,0.3333333333333333,nb of data too low
2022-07-28T23:46:12Z,NA,NA,525.81,NA,156 AN2C 156,ER,2022-07-28T23:43:35Z,2022-07-28T23:47:05Z,1,70,0.3333333333333333,nb of data too low
2022-07-28T23:46:13Z,NA,NA,526.06,NA,156 AN2C 156,ER,2022-07-28T23:43:35Z,2022-07-28T23:47:05Z,1,70,0.3333333333333333,nb of data too low
2022-07-28T23:46:14Z,NA,NA,526.13,NA,156 AN2C 156,ER,2022-07-28T23:43:35Z,2022-07-28T23:47:05Z,1,70,0.3333333333333333,nb of data too low
2022-07-28T23:46:15Z,NA,NA,526.13,NA,156 AN2C 156,ER,2022-07-28T23:43:35Z,2022-07-28T23:47:05Z,1,70,0.3333333333333333,nb of data too low
2022-07-28T23:46:16Z,7.37,10.83,527.54,1.98,156 AN2C 156,ER,2022-07-28T23:43:35Z,2022-07-28T23:47:05Z,1,70,0.3333333333333333,nb of data too low
2022-07-28T23:46:17Z,NA,NA,527.46,NA,156 AN2C 156,ER,2022-07-28T23:43:35Z,2022-07-28T23:47:05Z,1,70,0.3333333333333333,nb of data too low
2022-07-28T23:46:18Z,NA,NA,527.39,NA,156 AN2C 156,ER,2022-07-28T23:43:35Z,2022-07-28T23:47:05Z,1,70,0.3333333333333333,nb of data too low
2022-07-28T23:46:19Z,NA,NA,528.33,NA,156 AN2C 156,ER,2022-07-28T23:43:35Z,2022-07-28T23:47:05Z,1,70,0.3333333333333333,nb of data too low
2022-07-28T23:46:20Z,NA,NA,528.33,NA,156 AN2C 156,ER,2022-07-28T23:43:35Z,2022-07-28T23:47:05Z,1,70,0.3333333333333333,nb of data too low
2022-07-28T23:46:21Z,NA,NA,528.21,NA,156 AN2C 156,ER,2022-07-28T23:43:35Z,2022-07-28T23:47:05Z,1,70,0.3333333333333333,nb of data too low
2022-07-28T23:46:22Z,NA,NA,528.99,NA,156 AN2C 156,ER,2022-07-28T23:43:35Z,2022-07-28T23:47:05Z,1,70,0.3333333333333333,nb of data too low
2022-07-28T23:46:23Z,NA,NA,529.37,NA,156 AN2C 156,ER,2022-07-28T23:43:35Z,2022-07-28T23:47:05Z,1,70,0.3333333333333333,nb of data too low
2022-07-28T23:46:24Z,NA,NA,529.46,NA,156 AN2C 156,ER,2022-07-28T23:43:35Z,2022-07-28T23:47:05Z,1,70,0.3333333333333333,nb of data too low
2022-07-28T23:46:25Z,NA,NA,529.22,NA,156 AN2C 156,ER,2022-07-28T23:43:35Z,2022-07-28T23:47:05Z,1,70,0.3333333333333333,nb of data too low
2022-07-28T23:46:26Z,7.38,10.83,529.92,1.68,156 AN2C 156,ER,2022-07-28T23:43:35Z,2022-07-28T23:47:05Z,1,70,0.3333333333333333,nb of data too low
2022-07-28T23:46:27Z,NA,NA,529.92,NA,156 AN2C 156,ER,2022-07-28T23:43:35Z,2022-07-28T23:47:05Z,1,70,0.3333333333333333,nb of data too low
2022-07-28T23:46:28Z,NA,NA,530.63,NA,156 AN2C 156,ER,2022-07-28T23:43:35Z,2022-07-28T23:47:05Z,1,70,0.3333333333333333,nb of data too low
2022-07-28T23:46:29Z,NA,NA,530.08,NA,156 AN2C 156,ER,2022-07-28T23:43:35Z,2022-07-28T23:47:05Z,1,70,0.3333333333333333,nb of data too low
2022-07-28T23:46:30Z,NA,NA,531.34,NA,156 AN2C 156,ER,2022-07-28T23:43:35Z,2022-07-28T23:47:05Z,1,70,0.3333333333333333,nb of data too low
2022-07-28T23:46:31Z,NA,NA,530.47,NA,156 AN2C 156,ER,2022-07-28T23:43:35Z,2022-07-28T23:47:05Z,1,70,0.3333333333333333,nb of data too low
2022-07-28T23:46:32Z,NA,NA,532.03,NA,156 AN2C 156,ER,2022-07-28T23:43:35Z,2022-07-28T23:47:05Z,1,70,0.3333333333333333,nb of data too low
2022-07-28T23:46:33Z,NA,NA,531.64,NA,156 AN2C 156,ER,2022-07-28T23:43:35Z,2022-07-28T23:47:05Z,1,70,0.3333333333333333,nb of data too low
2022-07-28T23:46:34Z,NA,NA,531.72,NA,156 AN2C 156,ER,2022-07-28T23:43:35Z,2022-07-28T23:47:05Z,1,70,0.3333333333333333,nb of data too low
2022-07-28T23:46:35Z,NA,NA,531.95,NA,156 AN2C 156,ER,2022-07-28T23:43:35Z,2022-07-28T23:47:05Z,1,70,0.3333333333333333,nb of data too low
2022-07-28T23:46:36Z,7.39,10.82,531.4,1.37,156 AN2C 156,ER,2022-07-28T23:43:35Z,2022-07-28T23:47:05Z,1,70,0.3333333333333333,nb of data too low
2022-07-28T23:46:37Z,NA,NA,531.95,NA,156 AN2C 156,ER,2022-07-28T23:43:35Z,2022-07-28T23:47:05Z,1,70,0.3333333333333333,nb of data too low
2022-07-28T23:46:38Z,NA,NA,530.21,NA,156 AN2C 156,ER,2022-07-28T23:43:35Z,2022-07-28T23:47:05Z,1,70,0.3333333333333333,nb of data too low
2022-07-28T23:46:39Z,NA,NA,507.74,NA,156 AN2C 156,ER,2022-07-28T23:43:35Z,2022-07-28T23:47:05Z,1,70,0.3333333333333333,nb of data too low
2022-07-28T23:46:40Z,NA,NA,507.71,NA,156 AN2C 156,ER,2022-07-28T23:43:35Z,2022-07-28T23:47:05Z,1,70,0.3333333333333333,nb of data too low
2022-07-28T23:46:41Z,NA,NA,477.45,NA,156 AN2C 156,ER,2022-07-28T23:43:35Z,2022-07-28T23:47:05Z,1,70,0.3333333333333333,nb of data too low
2022-07-28T23:46:42Z,NA,NA,440.35,NA,156 AN2C 156,ER,2022-07-28T23:43:35Z,2022-07-28T23:47:05Z,1,70,0.3333333333333333,nb of data too low
2022-07-28T23:46:43Z,NA,NA,432.27,NA,156 AN2C 156,ER,2022-07-28T23:43:35Z,2022-07-28T23:47:05Z,1,70,0.3333333333333333,nb of data too low
2022-07-28T23:46:44Z,NA,NA,429.36,NA,156 AN2C 156,ER,2022-07-28T23:43:35Z,2022-07-28T23:47:05Z,1,70,0.3333333333333333,nb of data too low
2022-07-28T23:46:45Z,NA,NA,426.83,NA,156 AN2C 156,ER,2022-07-28T23:43:35Z,2022-07-28T23:47:05Z,1,70,0.3333333333333333,nb of data too low
2022-07-28T23:46:46Z,7.4,10.19,424.61,3.2,156 AN2C 156,ER,2022-07-28T23:43:35Z,2022-07-28T23:47:05Z,1,70,0.3333333333333333,nb of data too low
2022-07-28T23:47:22Z,NA,NA,NA,NA,74 WN2C 155,NEE,2022-07-28T23:47:22Z,2022-07-28T23:50:52Z,2,121,0.5761904761904761,NA
2022-07-28T23:48:51Z,NA,NA,467.41,NA,74 WN2C 155,NEE,2022-07-28T23:47:22Z,2022-07-28T23:50:52Z,2,121,0.5761904761904761,NA
2022-07-28T23:48:52Z,NA,NA,467.65,NA,74 WN2C 155,NEE,2022-07-28T23:47:22Z,2022-07-28T23:50:52Z,2,121,0.5761904761904761,NA
2022-07-28T23:48:53Z,NA,NA,468.14,NA,74 WN2C 155,NEE,2022-07-28T23:47:22Z,2022-07-28T23:50:52Z,2,121,0.5761904761904761,NA
2022-07-28T23:48:54Z,NA,NA,467.65,NA,74 WN2C 155,NEE,2022-07-28T23:47:22Z,2022-07-28T23:50:52Z,2,121,0.5761904761904761,NA
2022-07-28T23:48:55Z,NA,NA,468.6,NA,74 WN2C 155,NEE,2022-07-28T23:47:22Z,2022-07-28T23:50:52Z,2,121,0.5761904761904761,NA
2022-07-28T23:48:56Z,7.37,10.75,468.77,1.98,74 WN2C 155,NEE,2022-07-28T23:47:22Z,2022-07-28T23:50:52Z,2,121,0.5761904761904761,NA
2022-07-28T23:48:57Z,NA,NA,469,NA,74 WN2C 155,NEE,2022-07-28T23:47:22Z,2022-07-28T23:50:52Z,2,121,0.5761904761904761,NA
2022-07-28T23:48:58Z,NA,NA,469.31,NA,74 WN2C 155,NEE,2022-07-28T23:47:22Z,2022-07-28T23:50:52Z,2,121,0.5761904761904761,NA
2022-07-28T23:48:59Z,NA,NA,470.02,NA,74 WN2C 155,NEE,2022-07-28T23:47:22Z,2022-07-28T23:50:52Z,2,121,0.5761904761904761,NA
2022-07-28T23:49:00Z,NA,NA,469.79,NA,74 WN2C 155,NEE,2022-07-28T23:47:22Z,2022-07-28T23:50:52Z,2,121,0.5761904761904761,NA
2022-07-28T23:49:01Z,NA,NA,470.74,NA,74 WN2C 155,NEE,2022-07-28T23:47:22Z,2022-07-28T23:50:52Z,2,121,0.5761904761904761,NA
2022-07-28T23:49:02Z,NA,NA,470.81,NA,74 WN2C 155,NEE,2022-07-28T23:47:22Z,2022-07-28T23:50:52Z,2,121,0.5761904761904761,NA
2022-07-28T23:49:03Z,NA,NA,470.96,NA,74 WN2C 155,NEE,2022-07-28T23:47:22Z,2022-07-28T23:50:52Z,2,121,0.5761904761904761,NA
2022-07-28T23:49:04Z,NA,NA,471.9,NA,74 WN2C 155,NEE,2022-07-28T23:47:22Z,2022-07-28T23:50:52Z,2,121,0.5761904761904761,NA
2022-07-28T23:49:05Z,NA,NA,471.26,NA,74 WN2C 155,NEE,2022-07-28T23:47:22Z,2022-07-28T23:50:52Z,2,121,0.5761904761904761,NA
2022-07-28T23:49:06Z,7.37,10.74,472.21,2.44,74 WN2C 155,NEE,2022-07-28T23:47:22Z,2022-07-28T23:50:52Z,2,121,0.5761904761904761,NA
2022-07-28T23:49:07Z,NA,NA,472.68,NA,74 WN2C 155,NEE,2022-07-28T23:47:22Z,2022-07-28T23:50:52Z,2,121,0.5761904761904761,NA
2022-07-28T23:49:08Z,NA,NA,472.76,NA,74 WN2C 155,NEE,2022-07-28T23:47:22Z,2022-07-28T23:50:52Z,2,121,0.5761904761904761,NA
2022-07-28T23:49:09Z,NA,NA,473.07,NA,74 WN2C 155,NEE,2022-07-28T23:47:22Z,2022-07-28T23:50:52Z,2,121,0.5761904761904761,NA
2022-07-28T23:49:10Z,NA,NA,473.93,NA,74 WN2C 155,NEE,2022-07-28T23:47:22Z,2022-07-28T23:50:52Z,2,121,0.5761904761904761,NA
2022-07-28T23:49:11Z,NA,NA,474.01,NA,74 WN2C 155,NEE,2022-07-28T23:47:22Z,2022-07-28T23:50:52Z,2,121,0.5761904761904761,NA
2022-07-28T23:49:12Z,NA,NA,473.62,NA,74 WN2C 155,NEE,2022-07-28T23:47:22Z,2022-07-28T23:50:52Z,2,121,0.5761904761904761,NA
2022-07-28T23:49:13Z,NA,NA,473.86,NA,74 WN2C 155,NEE,2022-07-28T23:47:22Z,2022-07-28T23:50:52Z,2,121,0.5761904761904761,NA
2022-07-28T23:49:14Z,NA,NA,474.49,NA,74 WN2C 155,NEE,2022-07-28T23:47:22Z,2022-07-28T23:50:52Z,2,121,0.5761904761904761,NA
2022-07-28T23:49:15Z,NA,NA,475.05,NA,74 WN2C 155,NEE,2022-07-28T23:47:22Z,2022-07-28T23:50:52Z,2,121,0.5761904761904761,NA
2022-07-28T23:49:16Z,7.38,10.74,475.09,1.98,74 WN2C 155,NEE,2022-07-28T23:47:22Z,2022-07-28T23:50:52Z,2,121,0.5761904761904761,NA
2022-07-28T23:49:17Z,NA,NA,475.76,NA,74 WN2C 155,NEE,2022-07-28T23:47:22Z,2022-07-28T23:50:52Z,2,121,0.5761904761904761,NA
2022-07-28T23:49:18Z,NA,NA,475.84,NA,74 WN2C 155,NEE,2022-07-28T23:47:22Z,2022-07-28T23:50:52Z,2,121,0.5761904761904761,NA
2022-07-28T23:49:19Z,NA,NA,475.14,NA,74 WN2C 155,NEE,2022-07-28T23:47:22Z,2022-07-28T23:50:52Z,2,121,0.5761904761904761,NA
2022-07-28T23:49:20Z,NA,NA,476.32,NA,74 WN2C 155,NEE,2022-07-28T23:47:22Z,2022-07-28T23:50:52Z,2,121,0.5761904761904761,NA
2022-07-28T23:49:21Z,NA,NA,476.87,NA,74 WN2C 155,NEE,2022-07-28T23:47:22Z,2022-07-28T23:50:52Z,2,121,0.5761904761904761,NA
2022-07-28T23:49:22Z,NA,NA,476.87,NA,74 WN2C 155,NEE,2022-07-28T23:47:22Z,2022-07-28T23:50:52Z,2,121,0.5761904761904761,NA
2022-07-28T23:49:23Z,NA,NA,477.66,NA,74 WN2C 155,NEE,2022-07-28T23:47:22Z,2022-07-28T23:50:52Z,2,121,0.5761904761904761,NA
2022-07-28T23:49:24Z,NA,NA,478.68,NA,74 WN2C 155,NEE,2022-07-28T23:47:22Z,2022-07-28T23:50:52Z,2,121,0.5761904761904761,NA
2022-07-28T23:49:25Z,NA,NA,478.59,NA,74 WN2C 155,NEE,2022-07-28T23:47:22Z,2022-07-28T23:50:52Z,2,121,0.5761904761904761,NA
2022-07-28T23:49:26Z,7.38,10.74,478.97,1.98,74 WN2C 155,NEE,2022-07-28T23:47:22Z,2022-07-28T23:50:52Z,2,121,0.5761904761904761,NA
2022-07-28T23:49:27Z,NA,NA,478.9,NA,74 WN2C 155,NEE,2022-07-28T23:47:22Z,2022-07-28T23:50:52Z,2,121,0.5761904761904761,NA
2022-07-28T23:49:28Z,NA,NA,479.21,NA,74 WN2C 155,NEE,2022-07-28T23:47:22Z,2022-07-28T23:50:52Z,2,121,0.5761904761904761,NA
2022-07-28T23:49:29Z,NA,NA,479.13,NA,74 WN2C 155,NEE,2022-07-28T23:47:22Z,2022-07-28T23:50:52Z,2,121,0.5761904761904761,NA
2022-07-28T23:49:30Z,NA,NA,479.36,NA,74 WN2C 155,NEE,2022-07-28T23:47:22Z,2022-07-28T23:50:52Z,2,121,0.5761904761904761,NA
2022-07-28T23:49:31Z,NA,NA,479.91,NA,74 WN2C 155,NEE,2022-07-28T23:47:22Z,2022-07-28T23:50:52Z,2,121,0.5761904761904761,NA
2022-07-28T23:49:32Z,NA,NA,480.86,NA,74 WN2C 155,NEE,2022-07-28T23:47:22Z,2022-07-28T23:50:52Z,2,121,0.5761904761904761,NA
2022-07-28T23:49:33Z,NA,NA,480.93,NA,74 WN2C 155,NEE,2022-07-28T23:47:22Z,2022-07-28T23:50:52Z,2,121,0.5761904761904761,NA
2022-07-28T23:49:34Z,NA,NA,480.86,NA,74 WN2C 155,NEE,2022-07-28T23:47:22Z,2022-07-28T23:50:52Z,2,121,0.5761904761904761,NA
2022-07-28T23:49:35Z,NA,NA,481.1,NA,74 WN2C 155,NEE,2022-07-28T23:47:22Z,2022-07-28T23:50:52Z,2,121,0.5761904761904761,NA
2022-07-28T23:49:36Z,7.39,10.74,481.25,2.29,74 WN2C 155,NEE,2022-07-28T23:47:22Z,2022-07-28T23:50:52Z,2,121,0.5761904761904761,NA
2022-07-28T23:49:37Z,NA,NA,481.87,NA,74 WN2C 155,NEE,2022-07-28T23:47:22Z,2022-07-28T23:50:52Z,2,121,0.5761904761904761,NA
2022-07-28T23:49:38Z,NA,NA,482.16,NA,74 WN2C 155,NEE,2022-07-28T23:47:22Z,2022-07-28T23:50:52Z,2,121,0.5761904761904761,NA
2022-07-28T23:49:39Z,NA,NA,482.49,NA,74 WN2C 155,NEE,2022-07-28T23:47:22Z,2022-07-28T23:50:52Z,2,121,0.5761904761904761,NA
2022-07-28T23:49:40Z,NA,NA,482.86,NA,74 WN2C 155,NEE,2022-07-28T23:47:22Z,2022-07-28T23:50:52Z,2,121,0.5761904761904761,NA
2022-07-28T23:49:41Z,NA,NA,482.69,NA,74 WN2C 155,NEE,2022-07-28T23:47:22Z,2022-07-28T23:50:52Z,2,121,0.5761904761904761,NA
2022-07-28T23:49:42Z,NA,NA,483.01,NA,74 WN2C 155,NEE,2022-07-28T23:47:22Z,2022-07-28T23:50:52Z,2,121,0.5761904761904761,NA
2022-07-28T23:49:43Z,NA,NA,483.09,NA,74 WN2C 155,NEE,2022-07-28T23:47:22Z,2022-07-28T23:50:52Z,2,121,0.5761904761904761,NA
2022-07-28T23:49:44Z,NA,NA,483.4,NA,74 WN2C 155,NEE,2022-07-28T23:47:22Z,2022-07-28T23:50:52Z,2,121,0.5761904761904761,NA
2022-07-28T23:49:45Z,NA,NA,483.4,NA,74 WN2C 155,NEE,2022-07-28T23:47:22Z,2022-07-28T23:50:52Z,2,121,0.5761904761904761,NA
2022-07-28T23:49:46Z,7.39,10.73,484.03,2.44,74 WN2C 155,NEE,2022-07-28T23:47:22Z,2022-07-28T23:50:52Z,2,121,0.5761904761904761,NA
2022-07-28T23:49:47Z,NA,NA,484.89,NA,74 WN2C 155,NEE,2022-07-28T23:47:22Z,2022-07-28T23:50:52Z,2,121,0.5761904761904761,NA
2022-07-28T23:49:48Z,NA,NA,484.48,NA,74 WN2C 155,NEE,2022-07-28T23:47:22Z,2022-07-28T23:50:52Z,2,121,0.5761904761904761,NA
2022-07-28T23:49:49Z,NA,NA,484.88,NA,74 WN2C 155,NEE,2022-07-28T23:47:22Z,2022-07-28T23:50:52Z,2,121,0.5761904761904761,NA
2022-07-28T23:49:50Z,NA,NA,484.96,NA,74 WN2C 155,NEE,2022-07-28T23:47:22Z,2022-07-28T23:50:52Z,2,121,0.5761904761904761,NA
2022-07-28T23:49:51Z,NA,NA,485.27,NA,74 WN2C 155,NEE,2022-07-28T23:47:22Z,2022-07-28T23:50:52Z,2,121,0.5761904761904761,NA
2022-07-28T23:49:52Z,NA,NA,485.42,NA,74 WN2C 155,NEE,2022-07-28T23:47:22Z,2022-07-28T23:50:52Z,2,121,0.5761904761904761,NA
2022-07-28T23:49:53Z,NA,NA,485.58,NA,74 WN2C 155,NEE,2022-07-28T23:47:22Z,2022-07-28T23:50:52Z,2,121,0.5761904761904761,NA
2022-07-28T23:49:54Z,NA,NA,486.29,NA,74 WN2C 155,NEE,2022-07-28T23:47:22Z,2022-07-28T23:50:52Z,2,121,0.5761904761904761,NA
2022-07-28T23:49:55Z,NA,NA,486.99,NA,74 WN2C 155,NEE,2022-07-28T23:47:22Z,2022-07-28T23:50:52Z,2,121,0.5761904761904761,NA
2022-07-28T23:49:56Z,7.39,10.73,486.91,2.14,74 WN2C 155,NEE,2022-07-28T23:47:22Z,2022-07-28T23:50:52Z,2,121,0.5761904761904761,NA
2022-07-28T23:49:57Z,NA,NA,486.37,NA,74 WN2C 155,NEE,2022-07-28T23:47:22Z,2022-07-28T23:50:52Z,2,121,0.5761904761904761,NA
2022-07-28T23:49:58Z,NA,NA,487.38,NA,74 WN2C 155,NEE,2022-07-28T23:47:22Z,2022-07-28T23:50:52Z,2,121,0.5761904761904761,NA
2022-07-28T23:49:59Z,NA,NA,487.13,NA,74 WN2C 155,NEE,2022-07-28T23:47:22Z,2022-07-28T23:50:52Z,2,121,0.5761904761904761,NA
2022-07-28T23:50:00Z,NA,NA,487.17,NA,74 WN2C 155,NEE,2022-07-28T23:47:22Z,2022-07-28T23:50:52Z,2,121,0.5761904761904761,NA
2022-07-28T23:50:01Z,NA,NA,487.61,NA,74 WN2C 155,NEE,2022-07-28T23:47:22Z,2022-07-28T23:50:52Z,2,121,0.5761904761904761,NA
2022-07-28T23:50:02Z,NA,NA,488.44,NA,74 WN2C 155,NEE,2022-07-28T23:47:22Z,2022-07-28T23:50:52Z,2,121,0.5761904761904761,NA
2022-07-28T23:50:03Z,NA,NA,488.51,NA,74 WN2C 155,NEE,2022-07-28T23:47:22Z,2022-07-28T23:50:52Z,2,121,0.5761904761904761,NA
2022-07-28T23:50:04Z,NA,NA,488.43,NA,74 WN2C 155,NEE,2022-07-28T23:47:22Z,2022-07-28T23:50:52Z,2,121,0.5761904761904761,NA
2022-07-28T23:50:05Z,NA,NA,489.21,NA,74 WN2C 155,NEE,2022-07-28T23:47:22Z,2022-07-28T23:50:52Z,2,121,0.5761904761904761,NA
2022-07-28T23:50:06Z,7.4,10.73,489.85,1.98,74 WN2C 155,NEE,2022-07-28T23:47:22Z,2022-07-28T23:50:52Z,2,121,0.5761904761904761,NA
2022-07-28T23:50:07Z,NA,NA,489.15,NA,74 WN2C 155,NEE,2022-07-28T23:47:22Z,2022-07-28T23:50:52Z,2,121,0.5761904761904761,NA
2022-07-28T23:50:08Z,NA,NA,490.23,NA,74 WN2C 155,NEE,2022-07-28T23:47:22Z,2022-07-28T23:50:52Z,2,121,0.5761904761904761,NA
2022-07-28T23:50:09Z,NA,NA,490.77,NA,74 WN2C 155,NEE,2022-07-28T23:47:22Z,2022-07-28T23:50:52Z,2,121,0.5761904761904761,NA
2022-07-28T23:50:10Z,NA,NA,490.54,NA,74 WN2C 155,NEE,2022-07-28T23:47:22Z,2022-07-28T23:50:52Z,2,121,0.5761904761904761,NA
2022-07-28T23:50:11Z,NA,NA,490.78,NA,74 WN2C 155,NEE,2022-07-28T23:47:22Z,2022-07-28T23:50:52Z,2,121,0.5761904761904761,NA
2022-07-28T23:50:12Z,NA,NA,491.09,NA,74 WN2C 155,NEE,2022-07-28T23:47:22Z,2022-07-28T23:50:52Z,2,121,0.5761904761904761,NA
2022-07-28T23:50:13Z,NA,NA,490.46,NA,74 WN2C 155,NEE,2022-07-28T23:47:22Z,2022-07-28T23:50:52Z,2,121,0.5761904761904761,NA
2022-07-28T23:50:14Z,NA,NA,490.69,NA,74 WN2C 155,NEE,2022-07-28T23:47:22Z,2022-07-28T23:50:52Z,2,121,0.5761904761904761,NA
2022-07-28T23:50:15Z,NA,NA,491.63,NA,74 WN2C 155,NEE,2022-07-28T23:47:22Z,2022-07-28T23:50:52Z,2,121,0.5761904761904761,NA
2022-07-28T23:50:16Z,7.39,10.72,492.34,1.68,74 WN2C 155,NEE,2022-07-28T23:47:22Z,2022-07-28T23:50:52Z,2,121,0.5761904761904761,NA
2022-07-28T23:50:17Z,NA,NA,491.48,NA,74 WN2C 155,NEE,2022-07-28T23:47:22Z,2022-07-28T23:50:52Z,2,121,0.5761904761904761,NA
2022-07-28T23:50:18Z,NA,NA,492.66,NA,74 WN2C 155,NEE,2022-07-28T23:47:22Z,2022-07-28T23:50:52Z,2,121,0.5761904761904761,NA
2022-07-28T23:50:19Z,NA,NA,492.19,NA,74 WN2C 155,NEE,2022-07-28T23:47:22Z,2022-07-28T23:50:52Z,2,121,0.5761904761904761,NA
2022-07-28T23:50:20Z,NA,NA,492.38,NA,74 WN2C 155,NEE,2022-07-28T23:47:22Z,2022-07-28T23:50:52Z,2,121,0.5761904761904761,NA
2022-07-28T23:50:21Z,NA,NA,493.31,NA,74 WN2C 155,NEE,2022-07-28T23:47:22Z,2022-07-28T23:50:52Z,2,121,0.5761904761904761,NA
2022-07-28T23:50:22Z,NA,NA,495.41,NA,74 WN2C 155,NEE,2022-07-28T23:47:22Z,2022-07-28T23:50:52Z,2,121,0.5761904761904761,NA
2022-07-28T23:50:23Z,NA,NA,495.41,NA,74 WN2C 155,NEE,2022-07-28T23:47:22Z,2022-07-28T23:50:52Z,2,121,0.5761904761904761,NA
2022-07-28T23:50:24Z,NA,NA,491.72,NA,74 WN2C 155,NEE,2022-07-28T23:47:22Z,2022-07-28T23:50:52Z,2,121,0.5761904761904761,NA
2022-07-28T23:50:25Z,NA,NA,480.57,NA,74 WN2C 155,NEE,2022-07-28T23:47:22Z,2022-07-28T23:50:52Z,2,121,0.5761904761904761,NA
2022-07-28T23:50:26Z,7.39,10.73,464.91,1.83,74 WN2C 155,NEE,2022-07-28T23:47:22Z,2022-07-28T23:50:52Z,2,121,0.5761904761904761,NA
2022-07-28T23:50:27Z,NA,NA,457.98,NA,74 WN2C 155,NEE,2022-07-28T23:47:22Z,2022-07-28T23:50:52Z,2,121,0.5761904761904761,NA
2022-07-28T23:50:28Z,NA,NA,450.27,NA,74 WN2C 155,NEE,2022-07-28T23:47:22Z,2022-07-28T23:50:52Z,2,121,0.5761904761904761,NA
2022-07-28T23:50:29Z,NA,NA,443.11,NA,74 WN2C 155,NEE,2022-07-28T23:47:22Z,2022-07-28T23:50:52Z,2,121,0.5761904761904761,NA
2022-07-28T23:50:30Z,NA,NA,437.36,NA,74 WN2C 155,NEE,2022-07-28T23:47:22Z,2022-07-28T23:50:52Z,2,121,0.5761904761904761,NA
2022-07-28T23:50:31Z,NA,NA,434.04,NA,74 WN2C 155,NEE,2022-07-28T23:47:22Z,2022-07-28T23:50:52Z,2,121,0.5761904761904761,NA
2022-07-28T23:50:32Z,NA,NA,432.46,NA,74 WN2C 155,NEE,2022-07-28T23:47:22Z,2022-07-28T23:50:52Z,2,121,0.5761904761904761,NA
2022-07-28T23:50:33Z,NA,NA,428.69,NA,74 WN2C 155,NEE,2022-07-28T23:47:22Z,2022-07-28T23:50:52Z,2,121,0.5761904761904761,NA
2022-07-28T23:50:34Z,NA,NA,426.4,NA,74 WN2C 155,NEE,2022-07-28T23:47:22Z,2022-07-28T23:50:52Z,2,121,0.5761904761904761,NA
2022-07-28T23:50:35Z,NA,NA,425.15,NA,74 WN2C 155,NEE,2022-07-28T23:47:22Z,2022-07-28T23:50:52Z,2,121,0.5761904761904761,NA
2022-07-28T23:50:36Z,7.4,10.71,425.22,2.14,74 WN2C 155,NEE,2022-07-28T23:47:22Z,2022-07-28T23:50:52Z,2,121,0.5761904761904761,NA
2022-07-28T23:50:37Z,NA,NA,427.02,NA,74 WN2C 155,NEE,2022-07-28T23:47:22Z,2022-07-28T23:50:52Z,2,121,0.5761904761904761,NA
2022-07-28T23:50:38Z,NA,NA,427.66,NA,74 WN2C 155,NEE,2022-07-28T23:47:22Z,2022-07-28T23:50:52Z,2,121,0.5761904761904761,NA
2022-07-28T23:50:39Z,NA,NA,428.28,NA,74 WN2C 155,NEE,2022-07-28T23:47:22Z,2022-07-28T23:50:52Z,2,121,0.5761904761904761,NA
2022-07-28T23:50:40Z,NA,NA,429.07,NA,74 WN2C 155,NEE,2022-07-28T23:47:22Z,2022-07-28T23:50:52Z,2,121,0.5761904761904761,NA
2022-07-28T23:50:41Z,NA,NA,429.15,NA,74 WN2C 155,NEE,2022-07-28T23:47:22Z,2022-07-28T23:50:52Z,2,121,0.5761904761904761,NA
2022-07-28T23:50:42Z,NA,NA,429.03,NA,74 WN2C 155,NEE,2022-07-28T23:47:22Z,2022-07-28T23:50:52Z,2,121,0.5761904761904761,NA
2022-07-28T23:50:43Z,NA,NA,428.64,NA,74 WN2C 155,NEE,2022-07-28T23:47:22Z,2022-07-28T23:50:52Z,2,121,0.5761904761904761,NA
2022-07-28T23:50:44Z,NA,NA,428.37,NA,74 WN2C 155,NEE,2022-07-28T23:47:22Z,2022-07-28T23:50:52Z,2,121,0.5761904761904761,NA
2022-07-28T23:50:45Z,NA,NA,429.23,NA,74 WN2C 155,NEE,2022-07-28T23:47:22Z,2022-07-28T23:50:52Z,2,121,0.5761904761904761,NA
2022-07-28T23:50:46Z,7.38,10.71,429.33,0.92,74 WN2C 155,NEE,2022-07-28T23:47:22Z,2022-07-28T23:50:52Z,2,121,0.5761904761904761,NA
2022-07-28T23:50:47Z,NA,NA,429.41,NA,74 WN2C 155,NEE,2022-07-28T23:47:22Z,2022-07-28T23:50:52Z,2,121,0.5761904761904761,NA
2022-07-28T23:50:48Z,NA,NA,429.25,NA,74 WN2C 155,NEE,2022-07-28T23:47:22Z,2022-07-28T23:50:52Z,2,121,0.5761904761904761,NA
2022-07-28T23:50:49Z,NA,NA,430.04,NA,74 WN2C 155,NEE,2022-07-28T23:47:22Z,2022-07-28T23:50:52Z,2,121,0.5761904761904761,NA
2022-07-28T23:50:50Z,NA,NA,429.96,NA,74 WN2C 155,NEE,2022-07-28T23:47:22Z,2022-07-28T23:50:52Z,2,121,0.5761904761904761,NA
2022-07-28T23:50:51Z,NA,NA,430.9,NA,74 WN2C 155,NEE,2022-07-28T23:47:22Z,2022-07-28T23:50:52Z,2,121,0.5761904761904761,NA
2022-07-28T23:52:10Z,NA,NA,NA,NA,74 WN2C 155,ER,2022-07-28T23:52:10Z,2022-07-28T23:55:40Z,3,102,0.4857142857142857,nb of data too low
2022-07-28T23:53:58Z,NA,NA,478.16,NA,74 WN2C 155,ER,2022-07-28T23:52:10Z,2022-07-28T23:55:40Z,3,102,0.4857142857142857,nb of data too low
2022-07-28T23:53:59Z,NA,NA,479.02,NA,74 WN2C 155,ER,2022-07-28T23:52:10Z,2022-07-28T23:55:40Z,3,102,0.4857142857142857,nb of data too low
2022-07-28T23:54:00Z,NA,NA,478.77,NA,74 WN2C 155,ER,2022-07-28T23:52:10Z,2022-07-28T23:55:40Z,3,102,0.4857142857142857,nb of data too low
2022-07-28T23:54:01Z,NA,NA,479.29,NA,74 WN2C 155,ER,2022-07-28T23:52:10Z,2022-07-28T23:55:40Z,3,102,0.4857142857142857,nb of data too low
2022-07-28T23:54:02Z,NA,NA,479.28,NA,74 WN2C 155,ER,2022-07-28T23:52:10Z,2022-07-28T23:55:40Z,3,102,0.4857142857142857,nb of data too low
2022-07-28T23:54:03Z,NA,NA,479.6,NA,74 WN2C 155,ER,2022-07-28T23:52:10Z,2022-07-28T23:55:40Z,3,102,0.4857142857142857,nb of data too low
2022-07-28T23:54:04Z,NA,NA,479.84,NA,74 WN2C 155,ER,2022-07-28T23:52:10Z,2022-07-28T23:55:40Z,3,102,0.4857142857142857,nb of data too low
2022-07-28T23:54:05Z,NA,NA,479.85,NA,74 WN2C 155,ER,2022-07-28T23:52:10Z,2022-07-28T23:55:40Z,3,102,0.4857142857142857,nb of data too low
2022-07-28T23:54:06Z,7.48,10.67,479.37,1.53,74 WN2C 155,ER,2022-07-28T23:52:10Z,2022-07-28T23:55:40Z,3,102,0.4857142857142857,nb of data too low
2022-07-28T23:54:07Z,NA,NA,479.35,NA,74 WN2C 155,ER,2022-07-28T23:52:10Z,2022-07-28T23:55:40Z,3,102,0.4857142857142857,nb of data too low
2022-07-28T23:54:08Z,NA,NA,479.66,NA,74 WN2C 155,ER,2022-07-28T23:52:10Z,2022-07-28T23:55:40Z,3,102,0.4857142857142857,nb of data too low
2022-07-28T23:54:09Z,NA,NA,479.98,NA,74 WN2C 155,ER,2022-07-28T23:52:10Z,2022-07-28T23:55:40Z,3,102,0.4857142857142857,nb of data too low
2022-07-28T23:54:10Z,NA,NA,480.69,NA,74 WN2C 155,ER,2022-07-28T23:52:10Z,2022-07-28T23:55:40Z,3,102,0.4857142857142857,nb of data too low
2022-07-28T23:54:11Z,NA,NA,479.75,NA,74 WN2C 155,ER,2022-07-28T23:52:10Z,2022-07-28T23:55:40Z,3,102,0.4857142857142857,nb of data too low
2022-07-28T23:54:12Z,NA,NA,480.53,NA,74 WN2C 155,ER,2022-07-28T23:52:10Z,2022-07-28T23:55:40Z,3,102,0.4857142857142857,nb of data too low
2022-07-28T23:54:13Z,NA,NA,480.37,NA,74 WN2C 155,ER,2022-07-28T23:52:10Z,2022-07-28T23:55:40Z,3,102,0.4857142857142857,nb of data too low
2022-07-28T23:54:14Z,NA,NA,480.68,NA,74 WN2C 155,ER,2022-07-28T23:52:10Z,2022-07-28T23:55:40Z,3,102,0.4857142857142857,nb of data too low
2022-07-28T23:54:15Z,NA,NA,480.45,NA,74 WN2C 155,ER,2022-07-28T23:52:10Z,2022-07-28T23:55:40Z,3,102,0.4857142857142857,nb of data too low
2022-07-28T23:54:16Z,7.47,10.67,480.99,2.75,74 WN2C 155,ER,2022-07-28T23:52:10Z,2022-07-28T23:55:40Z,3,102,0.4857142857142857,nb of data too low
2022-07-28T23:54:17Z,NA,NA,481.31,NA,74 WN2C 155,ER,2022-07-28T23:52:10Z,2022-07-28T23:55:40Z,3,102,0.4857142857142857,nb of data too low
2022-07-28T23:54:18Z,NA,NA,480.84,NA,74 WN2C 155,ER,2022-07-28T23:52:10Z,2022-07-28T23:55:40Z,3,102,0.4857142857142857,nb of data too low
2022-07-28T23:54:19Z,NA,NA,480.69,NA,74 WN2C 155,ER,2022-07-28T23:52:10Z,2022-07-28T23:55:40Z,3,102,0.4857142857142857,nb of data too low
2022-07-28T23:54:20Z,NA,NA,481.53,NA,74 WN2C 155,ER,2022-07-28T23:52:10Z,2022-07-28T23:55:40Z,3,102,0.4857142857142857,nb of data too low
2022-07-28T23:54:21Z,NA,NA,480.95,NA,74 WN2C 155,ER,2022-07-28T23:52:10Z,2022-07-28T23:55:40Z,3,102,0.4857142857142857,nb of data too low
2022-07-28T23:54:22Z,NA,NA,481.45,NA,74 WN2C 155,ER,2022-07-28T23:52:10Z,2022-07-28T23:55:40Z,3,102,0.4857142857142857,nb of data too low
2022-07-28T23:54:23Z,NA,NA,481.57,NA,74 WN2C 155,ER,2022-07-28T23:52:10Z,2022-07-28T23:55:40Z,3,102,0.4857142857142857,nb of data too low
2022-07-28T23:54:24Z,NA,NA,481.81,NA,74 WN2C 155,ER,2022-07-28T23:52:10Z,2022-07-28T23:55:40Z,3,102,0.4857142857142857,nb of data too low
2022-07-28T23:54:25Z,NA,NA,481.18,NA,74 WN2C 155,ER,2022-07-28T23:52:10Z,2022-07-28T23:55:40Z,3,102,0.4857142857142857,nb of data too low
2022-07-28T23:54:26Z,7.49,10.67,482.28,2.14,74 WN2C 155,ER,2022-07-28T23:52:10Z,2022-07-28T23:55:40Z,3,102,0.4857142857142857,nb of data too low
2022-07-28T23:54:27Z,NA,NA,482.13,NA,74 WN2C 155,ER,2022-07-28T23:52:10Z,2022-07-28T23:55:40Z,3,102,0.4857142857142857,nb of data too low
2022-07-28T23:54:28Z,NA,NA,481.49,NA,74 WN2C 155,ER,2022-07-28T23:52:10Z,2022-07-28T23:55:40Z,3,102,0.4857142857142857,nb of data too low
2022-07-28T23:54:29Z,NA,NA,481.88,NA,74 WN2C 155,ER,2022-07-28T23:52:10Z,2022-07-28T23:55:40Z,3,102,0.4857142857142857,nb of data too low
2022-07-28T23:54:30Z,NA,NA,481.63,NA,74 WN2C 155,ER,2022-07-28T23:52:10Z,2022-07-28T23:55:40Z,3,102,0.4857142857142857,nb of data too low
2022-07-28T23:54:31Z,NA,NA,481.95,NA,74 WN2C 155,ER,2022-07-28T23:52:10Z,2022-07-28T23:55:40Z,3,102,0.4857142857142857,nb of data too low
2022-07-28T23:54:32Z,NA,NA,481.55,NA,74 WN2C 155,ER,2022-07-28T23:52:10Z,2022-07-28T23:55:40Z,3,102,0.4857142857142857,nb of data too low
2022-07-28T23:54:33Z,NA,NA,481.87,NA,74 WN2C 155,ER,2022-07-28T23:52:10Z,2022-07-28T23:55:40Z,3,102,0.4857142857142857,nb of data too low
2022-07-28T23:54:34Z,NA,NA,481.71,NA,74 WN2C 155,ER,2022-07-28T23:52:10Z,2022-07-28T23:55:40Z,3,102,0.4857142857142857,nb of data too low
2022-07-28T23:54:35Z,NA,NA,481.63,NA,74 WN2C 155,ER,2022-07-28T23:52:10Z,2022-07-28T23:55:40Z,3,102,0.4857142857142857,nb of data too low
2022-07-28T23:54:36Z,7.5,10.67,482.26,2.14,74 WN2C 155,ER,2022-07-28T23:52:10Z,2022-07-28T23:55:40Z,3,102,0.4857142857142857,nb of data too low
2022-07-28T23:54:37Z,NA,NA,482.57,NA,74 WN2C 155,ER,2022-07-28T23:52:10Z,2022-07-28T23:55:40Z,3,102,0.4857142857142857,nb of data too low
2022-07-28T23:54:38Z,NA,NA,482.57,NA,74 WN2C 155,ER,2022-07-28T23:52:10Z,2022-07-28T23:55:40Z,3,102,0.4857142857142857,nb of data too low
2022-07-28T23:54:39Z,NA,NA,482.02,NA,74 WN2C 155,ER,2022-07-28T23:52:10Z,2022-07-28T23:55:40Z,3,102,0.4857142857142857,nb of data too low
2022-07-28T23:54:40Z,NA,NA,482.58,NA,74 WN2C 155,ER,2022-07-28T23:52:10Z,2022-07-28T23:55:40Z,3,102,0.4857142857142857,nb of data too low
2022-07-28T23:54:41Z,NA,NA,482.73,NA,74 WN2C 155,ER,2022-07-28T23:52:10Z,2022-07-28T23:55:40Z,3,102,0.4857142857142857,nb of data too low
2022-07-28T23:54:42Z,NA,NA,482.68,NA,74 WN2C 155,ER,2022-07-28T23:52:10Z,2022-07-28T23:55:40Z,3,102,0.4857142857142857,nb of data too low
2022-07-28T23:54:43Z,NA,NA,482.69,NA,74 WN2C 155,ER,2022-07-28T23:52:10Z,2022-07-28T23:55:40Z,3,102,0.4857142857142857,nb of data too low
2022-07-28T23:54:44Z,NA,NA,482.32,NA,74 WN2C 155,ER,2022-07-28T23:52:10Z,2022-07-28T23:55:40Z,3,102,0.4857142857142857,nb of data too low
2022-07-28T23:54:45Z,NA,NA,483.14,NA,74 WN2C 155,ER,2022-07-28T23:52:10Z,2022-07-28T23:55:40Z,3,102,0.4857142857142857,nb of data too low
2022-07-28T23:54:46Z,7.51,10.67,482.67,1.98,74 WN2C 155,ER,2022-07-28T23:52:10Z,2022-07-28T23:55:40Z,3,102,0.4857142857142857,nb of data too low
2022-07-28T23:54:47Z,NA,NA,483.14,NA,74 WN2C 155,ER,2022-07-28T23:52:10Z,2022-07-28T23:55:40Z,3,102,0.4857142857142857,nb of data too low
2022-07-28T23:54:48Z,NA,NA,483.07,NA,74 WN2C 155,ER,2022-07-28T23:52:10Z,2022-07-28T23:55:40Z,3,102,0.4857142857142857,nb of data too low
2022-07-28T23:54:49Z,NA,NA,482.6,NA,74 WN2C 155,ER,2022-07-28T23:52:10Z,2022-07-28T23:55:40Z,3,102,0.4857142857142857,nb of data too low
2022-07-28T23:54:50Z,NA,NA,483.38,NA,74 WN2C 155,ER,2022-07-28T23:52:10Z,2022-07-28T23:55:40Z,3,102,0.4857142857142857,nb of data too low
2022-07-28T23:54:51Z,NA,NA,482.58,NA,74 WN2C 155,ER,2022-07-28T23:52:10Z,2022-07-28T23:55:40Z,3,102,0.4857142857142857,nb of data too low
2022-07-28T23:54:52Z,NA,NA,482.81,NA,74 WN2C 155,ER,2022-07-28T23:52:10Z,2022-07-28T23:55:40Z,3,102,0.4857142857142857,nb of data too low
2022-07-28T23:54:53Z,NA,NA,483.12,NA,74 WN2C 155,ER,2022-07-28T23:52:10Z,2022-07-28T23:55:40Z,3,102,0.4857142857142857,nb of data too low
2022-07-28T23:54:54Z,NA,NA,482.33,NA,74 WN2C 155,ER,2022-07-28T23:52:10Z,2022-07-28T23:55:40Z,3,102,0.4857142857142857,nb of data too low
2022-07-28T23:54:55Z,NA,NA,482.34,NA,74 WN2C 155,ER,2022-07-28T23:52:10Z,2022-07-28T23:55:40Z,3,102,0.4857142857142857,nb of data too low
2022-07-28T23:54:56Z,7.52,10.66,482.49,1.68,74 WN2C 155,ER,2022-07-28T23:52:10Z,2022-07-28T23:55:40Z,3,102,0.4857142857142857,nb of data too low
2022-07-28T23:54:57Z,NA,NA,482.49,NA,74 WN2C 155,ER,2022-07-28T23:52:10Z,2022-07-28T23:55:40Z,3,102,0.4857142857142857,nb of data too low
2022-07-28T23:54:58Z,NA,NA,483.12,NA,74 WN2C 155,ER,2022-07-28T23:52:10Z,2022-07-28T23:55:40Z,3,102,0.4857142857142857,nb of data too low
2022-07-28T23:54:59Z,NA,NA,482.72,NA,74 WN2C 155,ER,2022-07-28T23:52:10Z,2022-07-28T23:55:40Z,3,102,0.4857142857142857,nb of data too low
2022-07-28T23:55:00Z,NA,NA,483.2,NA,74 WN2C 155,ER,2022-07-28T23:52:10Z,2022-07-28T23:55:40Z,3,102,0.4857142857142857,nb of data too low
2022-07-28T23:55:01Z,NA,NA,483.75,NA,74 WN2C 155,ER,2022-07-28T23:52:10Z,2022-07-28T23:55:40Z,3,102,0.4857142857142857,nb of data too low
2022-07-28T23:55:02Z,NA,NA,483.36,NA,74 WN2C 155,ER,2022-07-28T23:52:10Z,2022-07-28T23:55:40Z,3,102,0.4857142857142857,nb of data too low
2022-07-28T23:55:03Z,NA,NA,482.73,NA,74 WN2C 155,ER,2022-07-28T23:52:10Z,2022-07-28T23:55:40Z,3,102,0.4857142857142857,nb of data too low
2022-07-28T23:55:04Z,NA,NA,482.81,NA,74 WN2C 155,ER,2022-07-28T23:52:10Z,2022-07-28T23:55:40Z,3,102,0.4857142857142857,nb of data too low
2022-07-28T23:55:05Z,NA,NA,483.76,NA,74 WN2C 155,ER,2022-07-28T23:52:10Z,2022-07-28T23:55:40Z,3,102,0.4857142857142857,nb of data too low
2022-07-28T23:55:06Z,7.52,10.67,483.29,1.83,74 WN2C 155,ER,2022-07-28T23:52:10Z,2022-07-28T23:55:40Z,3,102,0.4857142857142857,nb of data too low
2022-07-28T23:55:07Z,NA,NA,483.54,NA,74 WN2C 155,ER,2022-07-28T23:52:10Z,2022-07-28T23:55:40Z,3,102,0.4857142857142857,nb of data too low
2022-07-28T23:55:08Z,NA,NA,483.61,NA,74 WN2C 155,ER,2022-07-28T23:52:10Z,2022-07-28T23:55:40Z,3,102,0.4857142857142857,nb of data too low
2022-07-28T23:55:09Z,NA,NA,483.77,NA,74 WN2C 155,ER,2022-07-28T23:52:10Z,2022-07-28T23:55:40Z,3,102,0.4857142857142857,nb of data too low
2022-07-28T23:55:10Z,NA,NA,484.32,NA,74 WN2C 155,ER,2022-07-28T23:52:10Z,2022-07-28T23:55:40Z,3,102,0.4857142857142857,nb of data too low
2022-07-28T23:55:11Z,NA,NA,484.4,NA,74 WN2C 155,ER,2022-07-28T23:52:10Z,2022-07-28T23:55:40Z,3,102,0.4857142857142857,nb of data too low
2022-07-28T23:55:12Z,NA,NA,484.08,NA,74 WN2C 155,ER,2022-07-28T23:52:10Z,2022-07-28T23:55:40Z,3,102,0.4857142857142857,nb of data too low
2022-07-28T23:55:13Z,NA,NA,484.16,NA,74 WN2C 155,ER,2022-07-28T23:52:10Z,2022-07-28T23:55:40Z,3,102,0.4857142857142857,nb of data too low
2022-07-28T23:55:14Z,NA,NA,483.84,NA,74 WN2C 155,ER,2022-07-28T23:52:10Z,2022-07-28T23:55:40Z,3,102,0.4857142857142857,nb of data too low
2022-07-28T23:55:15Z,NA,NA,483.98,NA,74 WN2C 155,ER,2022-07-28T23:52:10Z,2022-07-28T23:55:40Z,3,102,0.4857142857142857,nb of data too low
2022-07-28T23:55:16Z,7.53,10.66,484.85,1.98,74 WN2C 155,ER,2022-07-28T23:52:10Z,2022-07-28T23:55:40Z,3,102,0.4857142857142857,nb of data too low
2022-07-28T23:55:17Z,NA,NA,484.46,NA,74 WN2C 155,ER,2022-07-28T23:52:10Z,2022-07-28T23:55:40Z,3,102,0.4857142857142857,nb of data too low
2022-07-28T23:55:18Z,NA,NA,483.75,NA,74 WN2C 155,ER,2022-07-28T23:52:10Z,2022-07-28T23:55:40Z,3,102,0.4857142857142857,nb of data too low
2022-07-28T23:55:19Z,NA,NA,483.99,NA,74 WN2C 155,ER,2022-07-28T23:52:10Z,2022-07-28T23:55:40Z,3,102,0.4857142857142857,nb of data too low
2022-07-28T23:55:20Z,NA,NA,484.37,NA,74 WN2C 155,ER,2022-07-28T23:52:10Z,2022-07-28T23:55:40Z,3,102,0.4857142857142857,nb of data too low
2022-07-28T23:55:21Z,NA,NA,484.46,NA,74 WN2C 155,ER,2022-07-28T23:52:10Z,2022-07-28T23:55:40Z,3,102,0.4857142857142857,nb of data too low
2022-07-28T23:55:22Z,NA,NA,484.39,NA,74 WN2C 155,ER,2022-07-28T23:52:10Z,2022-07-28T23:55:40Z,3,102,0.4857142857142857,nb of data too low
2022-07-28T23:55:23Z,NA,NA,484.39,NA,74 WN2C 155,ER,2022-07-28T23:52:10Z,2022-07-28T23:55:40Z,3,102,0.4857142857142857,nb of data too low
2022-07-28T23:55:24Z,NA,NA,485.24,NA,74 WN2C 155,ER,2022-07-28T23:52:10Z,2022-07-28T23:55:40Z,3,102,0.4857142857142857,nb of data too low
2022-07-28T23:55:25Z,NA,NA,485.47,NA,74 WN2C 155,ER,2022-07-28T23:52:10Z,2022-07-28T23:55:40Z,3,102,0.4857142857142857,nb of data too low
2022-07-28T23:55:26Z,7.54,10.66,484.29,2.14,74 WN2C 155,ER,2022-07-28T23:52:10Z,2022-07-28T23:55:40Z,3,102,0.4857142857142857,nb of data too low
2022-07-28T23:55:27Z,NA,NA,484.58,NA,74 WN2C 155,ER,2022-07-28T23:52:10Z,2022-07-28T23:55:40Z,3,102,0.4857142857142857,nb of data too low
2022-07-28T23:55:28Z,NA,NA,484.56,NA,74 WN2C 155,ER,2022-07-28T23:52:10Z,2022-07-28T23:55:40Z,3,102,0.4857142857142857,nb of data too low
2022-07-28T23:55:29Z,NA,NA,485.11,NA,74 WN2C 155,ER,2022-07-28T23:52:10Z,2022-07-28T23:55:40Z,3,102,0.4857142857142857,nb of data too low
2022-07-28T23:55:30Z,NA,NA,484.56,NA,74 WN2C 155,ER,2022-07-28T23:52:10Z,2022-07-28T23:55:40Z,3,102,0.4857142857142857,nb of data too low
2022-07-28T23:55:31Z,NA,NA,485.03,NA,74 WN2C 155,ER,2022-07-28T23:52:10Z,2022-07-28T23:55:40Z,3,102,0.4857142857142857,nb of data too low
2022-07-28T23:55:32Z,NA,NA,485.27,NA,74 WN2C 155,ER,2022-07-28T23:52:10Z,2022-07-28T23:55:40Z,3,102,0.4857142857142857,nb of data too low
2022-07-28T23:55:33Z,NA,NA,484.87,NA,74 WN2C 155,ER,2022-07-28T23:52:10Z,2022-07-28T23:55:40Z,3,102,0.4857142857142857,nb of data too low
2022-07-28T23:55:34Z,NA,NA,485.18,NA,74 WN2C 155,ER,2022-07-28T23:52:10Z,2022-07-28T23:55:40Z,3,102,0.4857142857142857,nb of data too low
2022-07-28T23:55:35Z,NA,NA,484.85,NA,74 WN2C 155,ER,2022-07-28T23:52:10Z,2022-07-28T23:55:40Z,3,102,0.4857142857142857,nb of data too low
2022-07-28T23:55:36Z,7.55,10.66,484.93,1.98,74 WN2C 155,ER,2022-07-28T23:52:10Z,2022-07-28T23:55:40Z,3,102,0.4857142857142857,nb of data too low
2022-07-28T23:55:37Z,NA,NA,485.4,NA,74 WN2C 155,ER,2022-07-28T23:52:10Z,2022-07-28T23:55:40Z,3,102,0.4857142857142857,nb of data too low
2022-07-28T23:55:38Z,NA,NA,485.4,NA,74 WN2C 155,ER,2022-07-28T23:52:10Z,2022-07-28T23:55:40Z,3,102,0.4857142857142857,nb of data too low
2022-07-28T23:55:39Z,NA,NA,484.46,NA,74 WN2C 155,ER,2022-07-28T23:52:10Z,2022-07-28T23:55:40Z,3,102,0.4857142857142857,nb of data too low
2022-07-28T23:59:32Z,NA,NA,435.3,NA,109 AN3C 109,NEE,2022-07-28T23:59:32Z,2022-07-29T00:03:02Z,4,210,1,NA
2022-07-28T23:59:33Z,NA,NA,436.63,NA,109 AN3C 109,NEE,2022-07-28T23:59:32Z,2022-07-29T00:03:02Z,4,210,1,NA
2022-07-28T23:59:34Z,NA,NA,436.78,NA,109 AN3C 109,NEE,2022-07-28T23:59:32Z,2022-07-29T00:03:02Z,4,210,1,NA
2022-07-28T23:59:35Z,NA,NA,437.8,NA,109 AN3C 109,NEE,2022-07-28T23:59:32Z,2022-07-29T00:03:02Z,4,210,1,NA
2022-07-28T23:59:36Z,7.84,10.91,437.88,1.68,109 AN3C 109,NEE,2022-07-28T23:59:32Z,2022-07-29T00:03:02Z,4,210,1,NA
2022-07-28T23:59:37Z,NA,NA,438.51,NA,109 AN3C 109,NEE,2022-07-28T23:59:32Z,2022-07-29T00:03:02Z,4,210,1,NA
2022-07-28T23:59:38Z,NA,NA,438.99,NA,109 AN3C 109,NEE,2022-07-28T23:59:32Z,2022-07-29T00:03:02Z,4,210,1,NA
2022-07-28T23:59:39Z,NA,NA,439.69,NA,109 AN3C 109,NEE,2022-07-28T23:59:32Z,2022-07-29T00:03:02Z,4,210,1,NA
2022-07-28T23:59:40Z,NA,NA,440.24,NA,109 AN3C 109,NEE,2022-07-28T23:59:32Z,2022-07-29T00:03:02Z,4,210,1,NA
2022-07-28T23:59:41Z,NA,NA,441.02,NA,109 AN3C 109,NEE,2022-07-28T23:59:32Z,2022-07-29T00:03:02Z,4,210,1,NA
2022-07-28T23:59:42Z,NA,NA,441.5,NA,109 AN3C 109,NEE,2022-07-28T23:59:32Z,2022-07-29T00:03:02Z,4,210,1,NA
2022-07-28T23:59:43Z,NA,NA,441.42,NA,109 AN3C 109,NEE,2022-07-28T23:59:32Z,2022-07-29T00:03:02Z,4,210,1,NA
2022-07-28T23:59:44Z,NA,NA,442.44,NA,109 AN3C 109,NEE,2022-07-28T23:59:32Z,2022-07-29T00:03:02Z,4,210,1,NA
2022-07-28T23:59:45Z,NA,NA,442.45,NA,109 AN3C 109,NEE,2022-07-28T23:59:32Z,2022-07-29T00:03:02Z,4,210,1,NA
2022-07-28T23:59:46Z,7.82,10.91,442.45,1.68,109 AN3C 109,NEE,2022-07-28T23:59:32Z,2022-07-29T00:03:02Z,4,210,1,NA
2022-07-28T23:59:47Z,NA,NA,443.61,NA,109 AN3C 109,NEE,2022-07-28T23:59:32Z,2022-07-29T00:03:02Z,4,210,1,NA
2022-07-28T23:59:48Z,NA,NA,443.97,NA,109 AN3C 109,NEE,2022-07-28T23:59:32Z,2022-07-29T00:03:02Z,4,210,1,NA
2022-07-28T23:59:49Z,NA,NA,444.59,NA,109 AN3C 109,NEE,2022-07-28T23:59:32Z,2022-07-29T00:03:02Z,4,210,1,NA
2022-07-28T23:59:50Z,NA,NA,444.91,NA,109 AN3C 109,NEE,2022-07-28T23:59:32Z,2022-07-29T00:03:02Z,4,210,1,NA
2022-07-28T23:59:51Z,NA,NA,445.38,NA,109 AN3C 109,NEE,2022-07-28T23:59:32Z,2022-07-29T00:03:02Z,4,210,1,NA
2022-07-28T23:59:52Z,NA,NA,445.7,NA,109 AN3C 109,NEE,2022-07-28T23:59:32Z,2022-07-29T00:03:02Z,4,210,1,NA
2022-07-28T23:59:53Z,NA,NA,445.62,NA,109 AN3C 109,NEE,2022-07-28T23:59:32Z,2022-07-29T00:03:02Z,4,210,1,NA
2022-07-28T23:59:54Z,NA,NA,446.24,NA,109 AN3C 109,NEE,2022-07-28T23:59:32Z,2022-07-29T00:03:02Z,4,210,1,NA
2022-07-28T23:59:55Z,NA,NA,446.31,NA,109 AN3C 109,NEE,2022-07-28T23:59:32Z,2022-07-29T00:03:02Z,4,210,1,NA
2022-07-28T23:59:56Z,7.8,10.89,446.62,1.83,109 AN3C 109,NEE,2022-07-28T23:59:32Z,2022-07-29T00:03:02Z,4,210,1,NA
2022-07-28T23:59:57Z,NA,NA,447.49,NA,109 AN3C 109,NEE,2022-07-28T23:59:32Z,2022-07-29T00:03:02Z,4,210,1,NA
2022-07-28T23:59:58Z,NA,NA,448.67,NA,109 AN3C 109,NEE,2022-07-28T23:59:32Z,2022-07-29T00:03:02Z,4,210,1,NA
2022-07-28T23:59:59Z,NA,NA,449.53,NA,109 AN3C 109,NEE,2022-07-28T23:59:32Z,2022-07-29T00:03:02Z,4,210,1,NA
2022-07-29T00:00:00Z,NA,NA,450,NA,109 AN3C 109,NEE,2022-07-28T23:59:32Z,2022-07-29T00:03:02Z,4,210,1,NA
2022-07-29T00:00:01Z,NA,NA,449.13,NA,109 AN3C 109,NEE,2022-07-28T23:59:32Z,2022-07-29T00:03:02Z,4,210,1,NA
2022-07-29T00:00:02Z,NA,NA,450.32,NA,109 AN3C 109,NEE,2022-07-28T23:59:32Z,2022-07-29T00:03:02Z,4,210,1,NA
2022-07-29T00:00:03Z,NA,NA,450.71,NA,109 AN3C 109,NEE,2022-07-28T23:59:32Z,2022-07-29T00:03:02Z,4,210,1,NA
2022-07-29T00:00:04Z,NA,NA,451.03,NA,109 AN3C 109,NEE,2022-07-28T23:59:32Z,2022-07-29T00:03:02Z,4,210,1,NA
2022-07-29T00:00:05Z,NA,NA,451.89,NA,109 AN3C 109,NEE,2022-07-28T23:59:32Z,2022-07-29T00:03:02Z,4,210,1,NA
2022-07-29T00:00:06Z,7.79,10.88,452.44,1.98,109 AN3C 109,NEE,2022-07-28T23:59:32Z,2022-07-29T00:03:02Z,4,210,1,NA
2022-07-29T00:00:07Z,NA,NA,452.83,NA,109 AN3C 109,NEE,2022-07-28T23:59:32Z,2022-07-29T00:03:02Z,4,210,1,NA
2022-07-29T00:00:08Z,NA,NA,452.99,NA,109 AN3C 109,NEE,2022-07-28T23:59:32Z,2022-07-29T00:03:02Z,4,210,1,NA
2022-07-29T00:00:09Z,NA,NA,453.31,NA,109 AN3C 109,NEE,2022-07-28T23:59:32Z,2022-07-29T00:03:02Z,4,210,1,NA
2022-07-29T00:00:10Z,NA,NA,454.19,NA,109 AN3C 109,NEE,2022-07-28T23:59:32Z,2022-07-29T00:03:02Z,4,210,1,NA
2022-07-29T00:00:11Z,NA,NA,454.43,NA,109 AN3C 109,NEE,2022-07-28T23:59:32Z,2022-07-29T00:03:02Z,4,210,1,NA
2022-07-29T00:00:12Z,NA,NA,455.06,NA,109 AN3C 109,NEE,2022-07-28T23:59:32Z,2022-07-29T00:03:02Z,4,210,1,NA
2022-07-29T00:00:13Z,NA,NA,454.98,NA,109 AN3C 109,NEE,2022-07-28T23:59:32Z,2022-07-29T00:03:02Z,4,210,1,NA
2022-07-29T00:00:14Z,NA,NA,455.77,NA,109 AN3C 109,NEE,2022-07-28T23:59:32Z,2022-07-29T00:03:02Z,4,210,1,NA
2022-07-29T00:00:15Z,NA,NA,456.95,NA,109 AN3C 109,NEE,2022-07-28T23:59:32Z,2022-07-29T00:03:02Z,4,210,1,NA
2022-07-29T00:00:16Z,7.78,10.86,456.47,1.83,109 AN3C 109,NEE,2022-07-28T23:59:32Z,2022-07-29T00:03:02Z,4,210,1,NA
2022-07-29T00:00:17Z,NA,NA,457.01,NA,109 AN3C 109,NEE,2022-07-28T23:59:32Z,2022-07-29T00:03:02Z,4,210,1,NA
2022-07-29T00:00:18Z,NA,NA,457.41,NA,109 AN3C 109,NEE,2022-07-28T23:59:32Z,2022-07-29T00:03:02Z,4,210,1,NA
2022-07-29T00:00:19Z,NA,NA,458.43,NA,109 AN3C 109,NEE,2022-07-28T23:59:32Z,2022-07-29T00:03:02Z,4,210,1,NA
2022-07-29T00:00:20Z,NA,NA,459.61,NA,109 AN3C 109,NEE,2022-07-28T23:59:32Z,2022-07-29T00:03:02Z,4,210,1,NA
2022-07-29T00:00:21Z,NA,NA,459.37,NA,109 AN3C 109,NEE,2022-07-28T23:59:32Z,2022-07-29T00:03:02Z,4,210,1,NA
2022-07-29T00:00:22Z,NA,NA,459.45,NA,109 AN3C 109,NEE,2022-07-28T23:59:32Z,2022-07-29T00:03:02Z,4,210,1,NA
2022-07-29T00:00:23Z,NA,NA,460,NA,109 AN3C 109,NEE,2022-07-28T23:59:32Z,2022-07-29T00:03:02Z,4,210,1,NA
2022-07-29T00:00:24Z,NA,NA,460.62,NA,109 AN3C 109,NEE,2022-07-28T23:59:32Z,2022-07-29T00:03:02Z,4,210,1,NA
2022-07-29T00:00:25Z,NA,NA,460.78,NA,109 AN3C 109,NEE,2022-07-28T23:59:32Z,2022-07-29T00:03:02Z,4,210,1,NA
2022-07-29T00:00:26Z,7.78,10.84,461.81,1.53,109 AN3C 109,NEE,2022-07-28T23:59:32Z,2022-07-29T00:03:02Z,4,210,1,NA
2022-07-29T00:00:27Z,NA,NA,462.05,NA,109 AN3C 109,NEE,2022-07-28T23:59:32Z,2022-07-29T00:03:02Z,4,210,1,NA
2022-07-29T00:00:28Z,NA,NA,462.06,NA,109 AN3C 109,NEE,2022-07-28T23:59:32Z,2022-07-29T00:03:02Z,4,210,1,NA
2022-07-29T00:00:29Z,NA,NA,463.11,NA,109 AN3C 109,NEE,2022-07-28T23:59:32Z,2022-07-29T00:03:02Z,4,210,1,NA
2022-07-29T00:00:30Z,NA,NA,463.29,NA,109 AN3C 109,NEE,2022-07-28T23:59:32Z,2022-07-29T00:03:02Z,4,210,1,NA
2022-07-29T00:00:31Z,NA,NA,463.24,NA,109 AN3C 109,NEE,2022-07-28T23:59:32Z,2022-07-29T00:03:02Z,4,210,1,NA
2022-07-29T00:00:32Z,NA,NA,463.96,NA,109 AN3C 109,NEE,2022-07-28T23:59:32Z,2022-07-29T00:03:02Z,4,210,1,NA
2022-07-29T00:00:33Z,NA,NA,464.74,NA,109 AN3C 109,NEE,2022-07-28T23:59:32Z,2022-07-29T00:03:02Z,4,210,1,NA
2022-07-29T00:00:34Z,NA,NA,464.59,NA,109 AN3C 109,NEE,2022-07-28T23:59:32Z,2022-07-29T00:03:02Z,4,210,1,NA
2022-07-29T00:00:35Z,NA,NA,465.61,NA,109 AN3C 109,NEE,2022-07-28T23:59:32Z,2022-07-29T00:03:02Z,4,210,1,NA
2022-07-29T00:00:36Z,7.78,10.83,465.54,1.98,109 AN3C 109,NEE,2022-07-28T23:59:32Z,2022-07-29T00:03:02Z,4,210,1,NA
2022-07-29T00:00:37Z,NA,NA,466.09,NA,109 AN3C 109,NEE,2022-07-28T23:59:32Z,2022-07-29T00:03:02Z,4,210,1,NA
2022-07-29T00:00:38Z,NA,NA,466.95,NA,109 AN3C 109,NEE,2022-07-28T23:59:32Z,2022-07-29T00:03:02Z,4,210,1,NA
2022-07-29T00:00:39Z,NA,NA,468.03,NA,109 AN3C 109,NEE,2022-07-28T23:59:32Z,2022-07-29T00:03:02Z,4,210,1,NA
2022-07-29T00:00:40Z,NA,NA,467.72,NA,109 AN3C 109,NEE,2022-07-28T23:59:32Z,2022-07-29T00:03:02Z,4,210,1,NA
2022-07-29T00:00:41Z,NA,NA,468.34,NA,109 AN3C 109,NEE,2022-07-28T23:59:32Z,2022-07-29T00:03:02Z,4,210,1,NA
2022-07-29T00:00:42Z,NA,NA,468.27,NA,109 AN3C 109,NEE,2022-07-28T23:59:32Z,2022-07-29T00:03:02Z,4,210,1,NA
2022-07-29T00:00:43Z,NA,NA,468.66,NA,109 AN3C 109,NEE,2022-07-28T23:59:32Z,2022-07-29T00:03:02Z,4,210,1,NA
2022-07-29T00:00:44Z,NA,NA,470.23,NA,109 AN3C 109,NEE,2022-07-28T23:59:32Z,2022-07-29T00:03:02Z,4,210,1,NA
2022-07-29T00:00:45Z,NA,NA,470.23,NA,109 AN3C 109,NEE,2022-07-28T23:59:32Z,2022-07-29T00:03:02Z,4,210,1,NA
2022-07-29T00:00:46Z,7.77,10.81,470.16,1.68,109 AN3C 109,NEE,2022-07-28T23:59:32Z,2022-07-29T00:03:02Z,4,210,1,NA
2022-07-29T00:00:47Z,NA,NA,471.26,NA,109 AN3C 109,NEE,2022-07-28T23:59:32Z,2022-07-29T00:03:02Z,4,210,1,NA
2022-07-29T00:00:48Z,NA,NA,471.1,NA,109 AN3C 109,NEE,2022-07-28T23:59:32Z,2022-07-29T00:03:02Z,4,210,1,NA
2022-07-29T00:00:49Z,NA,NA,471.73,NA,109 AN3C 109,NEE,2022-07-28T23:59:32Z,2022-07-29T00:03:02Z,4,210,1,NA
2022-07-29T00:00:50Z,NA,NA,472.9,NA,109 AN3C 109,NEE,2022-07-28T23:59:32Z,2022-07-29T00:03:02Z,4,210,1,NA
2022-07-29T00:00:51Z,NA,NA,473.84,NA,109 AN3C 109,NEE,2022-07-28T23:59:32Z,2022-07-29T00:03:02Z,4,210,1,NA
2022-07-29T00:00:52Z,NA,NA,472.69,NA,109 AN3C 109,NEE,2022-07-28T23:59:32Z,2022-07-29T00:03:02Z,4,210,1,NA
2022-07-29T00:00:53Z,NA,NA,473.72,NA,109 AN3C 109,NEE,2022-07-28T23:59:32Z,2022-07-29T00:03:02Z,4,210,1,NA
2022-07-29T00:00:54Z,NA,NA,473.33,NA,109 AN3C 109,NEE,2022-07-28T23:59:32Z,2022-07-29T00:03:02Z,4,210,1,NA
2022-07-29T00:00:55Z,NA,NA,474.66,NA,109 AN3C 109,NEE,2022-07-28T23:59:32Z,2022-07-29T00:03:02Z,4,210,1,NA
2022-07-29T00:00:56Z,7.77,10.79,474.89,1.98,109 AN3C 109,NEE,2022-07-28T23:59:32Z,2022-07-29T00:03:02Z,4,210,1,NA
2022-07-29T00:00:57Z,NA,NA,475.69,NA,109 AN3C 109,NEE,2022-07-28T23:59:32Z,2022-07-29T00:03:02Z,4,210,1,NA
2022-07-29T00:00:58Z,NA,NA,476.48,NA,109 AN3C 109,NEE,2022-07-28T23:59:32Z,2022-07-29T00:03:02Z,4,210,1,NA
2022-07-29T00:00:59Z,NA,NA,477.18,NA,109 AN3C 109,NEE,2022-07-28T23:59:32Z,2022-07-29T00:03:02Z,4,210,1,NA
2022-07-29T00:01:00Z,NA,NA,477.25,NA,109 AN3C 109,NEE,2022-07-28T23:59:32Z,2022-07-29T00:03:02Z,4,210,1,NA
2022-07-29T00:01:01Z,NA,NA,477.79,NA,109 AN3C 109,NEE,2022-07-28T23:59:32Z,2022-07-29T00:03:02Z,4,210,1,NA
2022-07-29T00:01:02Z,NA,NA,477.55,NA,109 AN3C 109,NEE,2022-07-28T23:59:32Z,2022-07-29T00:03:02Z,4,210,1,NA
2022-07-29T00:01:03Z,NA,NA,478.1,NA,109 AN3C 109,NEE,2022-07-28T23:59:32Z,2022-07-29T00:03:02Z,4,210,1,NA
2022-07-29T00:01:04Z,NA,NA,478.26,NA,109 AN3C 109,NEE,2022-07-28T23:59:32Z,2022-07-29T00:03:02Z,4,210,1,NA
2022-07-29T00:01:05Z,NA,NA,479.44,NA,109 AN3C 109,NEE,2022-07-28T23:59:32Z,2022-07-29T00:03:02Z,4,210,1,NA
2022-07-29T00:01:06Z,7.76,10.78,478.89,1.83,109 AN3C 109,NEE,2022-07-28T23:59:32Z,2022-07-29T00:03:02Z,4,210,1,NA
2022-07-29T00:01:07Z,NA,NA,479.67,NA,109 AN3C 109,NEE,2022-07-28T23:59:32Z,2022-07-29T00:03:02Z,4,210,1,NA
2022-07-29T00:01:08Z,NA,NA,479.2,NA,109 AN3C 109,NEE,2022-07-28T23:59:32Z,2022-07-29T00:03:02Z,4,210,1,NA
2022-07-29T00:01:09Z,NA,NA,479.44,NA,109 AN3C 109,NEE,2022-07-28T23:59:32Z,2022-07-29T00:03:02Z,4,210,1,NA
2022-07-29T00:01:10Z,NA,NA,480.39,NA,109 AN3C 109,NEE,2022-07-28T23:59:32Z,2022-07-29T00:03:02Z,4,210,1,NA
2022-07-29T00:01:11Z,NA,NA,480,NA,109 AN3C 109,NEE,2022-07-28T23:59:32Z,2022-07-29T00:03:02Z,4,210,1,NA
2022-07-29T00:01:12Z,NA,NA,480.61,NA,109 AN3C 109,NEE,2022-07-28T23:59:32Z,2022-07-29T00:03:02Z,4,210,1,NA
2022-07-29T00:01:13Z,NA,NA,481.07,NA,109 AN3C 109,NEE,2022-07-28T23:59:32Z,2022-07-29T00:03:02Z,4,210,1,NA
2022-07-29T00:01:14Z,NA,NA,480.79,NA,109 AN3C 109,NEE,2022-07-28T23:59:32Z,2022-07-29T00:03:02Z,4,210,1,NA
2022-07-29T00:01:15Z,NA,NA,480.96,NA,109 AN3C 109,NEE,2022-07-28T23:59:32Z,2022-07-29T00:03:02Z,4,210,1,NA
2022-07-29T00:01:16Z,7.76,10.76,480.96,1.98,109 AN3C 109,NEE,2022-07-28T23:59:32Z,2022-07-29T00:03:02Z,4,210,1,NA
2022-07-29T00:01:17Z,NA,NA,481.43,NA,109 AN3C 109,NEE,2022-07-28T23:59:32Z,2022-07-29T00:03:02Z,4,210,1,NA
2022-07-29T00:01:18Z,NA,NA,482.45,NA,109 AN3C 109,NEE,2022-07-28T23:59:32Z,2022-07-29T00:03:02Z,4,210,1,NA
2022-07-29T00:01:19Z,NA,NA,482.77,NA,109 AN3C 109,NEE,2022-07-28T23:59:32Z,2022-07-29T00:03:02Z,4,210,1,NA
2022-07-29T00:01:20Z,NA,NA,483.17,NA,109 AN3C 109,NEE,2022-07-28T23:59:32Z,2022-07-29T00:03:02Z,4,210,1,NA
2022-07-29T00:01:21Z,NA,NA,482.76,NA,109 AN3C 109,NEE,2022-07-28T23:59:32Z,2022-07-29T00:03:02Z,4,210,1,NA
2022-07-29T00:01:22Z,NA,NA,482.92,NA,109 AN3C 109,NEE,2022-07-28T23:59:32Z,2022-07-29T00:03:02Z,4,210,1,NA
2022-07-29T00:01:23Z,NA,NA,483.38,NA,109 AN3C 109,NEE,2022-07-28T23:59:32Z,2022-07-29T00:03:02Z,4,210,1,NA
2022-07-29T00:01:24Z,NA,NA,484.64,NA,109 AN3C 109,NEE,2022-07-28T23:59:32Z,2022-07-29T00:03:02Z,4,210,1,NA
2022-07-29T00:01:25Z,NA,NA,484.01,NA,109 AN3C 109,NEE,2022-07-28T23:59:32Z,2022-07-29T00:03:02Z,4,210,1,NA
2022-07-29T00:01:26Z,7.76,10.75,483.62,1.98,109 AN3C 109,NEE,2022-07-28T23:59:32Z,2022-07-29T00:03:02Z,4,210,1,NA
2022-07-29T00:01:27Z,NA,NA,484.79,NA,109 AN3C 109,NEE,2022-07-28T23:59:32Z,2022-07-29T00:03:02Z,4,210,1,NA
2022-07-29T00:01:28Z,NA,NA,484.32,NA,109 AN3C 109,NEE,2022-07-28T23:59:32Z,2022-07-29T00:03:02Z,4,210,1,NA
2022-07-29T00:01:29Z,NA,NA,484.87,NA,109 AN3C 109,NEE,2022-07-28T23:59:32Z,2022-07-29T00:03:02Z,4,210,1,NA
2022-07-29T00:01:30Z,NA,NA,484.71,NA,109 AN3C 109,NEE,2022-07-28T23:59:32Z,2022-07-29T00:03:02Z,4,210,1,NA
2022-07-29T00:01:31Z,NA,NA,484.32,NA,109 AN3C 109,NEE,2022-07-28T23:59:32Z,2022-07-29T00:03:02Z,4,210,1,NA
2022-07-29T00:01:32Z,NA,NA,485.19,NA,109 AN3C 109,NEE,2022-07-28T23:59:32Z,2022-07-29T00:03:02Z,4,210,1,NA
2022-07-29T00:01:33Z,NA,NA,486.29,NA,109 AN3C 109,NEE,2022-07-28T23:59:32Z,2022-07-29T00:03:02Z,4,210,1,NA
2022-07-29T00:01:34Z,NA,NA,486.01,NA,109 AN3C 109,NEE,2022-07-28T23:59:32Z,2022-07-29T00:03:02Z,4,210,1,NA
2022-07-29T00:01:35Z,NA,NA,486.28,NA,109 AN3C 109,NEE,2022-07-28T23:59:32Z,2022-07-29T00:03:02Z,4,210,1,NA
2022-07-29T00:01:36Z,7.76,10.73,486.7,1.98,109 AN3C 109,NEE,2022-07-28T23:59:32Z,2022-07-29T00:03:02Z,4,210,1,NA
2022-07-29T00:01:37Z,NA,NA,486.79,NA,109 AN3C 109,NEE,2022-07-28T23:59:32Z,2022-07-29T00:03:02Z,4,210,1,NA
2022-07-29T00:01:38Z,NA,NA,487.1,NA,109 AN3C 109,NEE,2022-07-28T23:59:32Z,2022-07-29T00:03:02Z,4,210,1,NA
2022-07-29T00:01:39Z,NA,NA,486.87,NA,109 AN3C 109,NEE,2022-07-28T23:59:32Z,2022-07-29T00:03:02Z,4,210,1,NA
2022-07-29T00:01:40Z,NA,NA,486.63,NA,109 AN3C 109,NEE,2022-07-28T23:59:32Z,2022-07-29T00:03:02Z,4,210,1,NA
2022-07-29T00:01:41Z,NA,NA,487.66,NA,109 AN3C 109,NEE,2022-07-28T23:59:32Z,2022-07-29T00:03:02Z,4,210,1,NA
2022-07-29T00:01:42Z,NA,NA,486.86,NA,109 AN3C 109,NEE,2022-07-28T23:59:32Z,2022-07-29T00:03:02Z,4,210,1,NA
2022-07-29T00:01:43Z,NA,NA,487.17,NA,109 AN3C 109,NEE,2022-07-28T23:59:32Z,2022-07-29T00:03:02Z,4,210,1,NA
2022-07-29T00:01:44Z,NA,NA,487.88,NA,109 AN3C 109,NEE,2022-07-28T23:59:32Z,2022-07-29T00:03:02Z,4,210,1,NA
2022-07-29T00:01:45Z,NA,NA,488.34,NA,109 AN3C 109,NEE,2022-07-28T23:59:32Z,2022-07-29T00:03:02Z,4,210,1,NA
2022-07-29T00:01:46Z,7.76,10.72,488.1,1.83,109 AN3C 109,NEE,2022-07-28T23:59:32Z,2022-07-29T00:03:02Z,4,210,1,NA
2022-07-29T00:01:47Z,NA,NA,487.86,NA,109 AN3C 109,NEE,2022-07-28T23:59:32Z,2022-07-29T00:03:02Z,4,210,1,NA
2022-07-29T00:01:48Z,NA,NA,488.34,NA,109 AN3C 109,NEE,2022-07-28T23:59:32Z,2022-07-29T00:03:02Z,4,210,1,NA
2022-07-29T00:01:49Z,NA,NA,488.97,NA,109 AN3C 109,NEE,2022-07-28T23:59:32Z,2022-07-29T00:03:02Z,4,210,1,NA
2022-07-29T00:01:50Z,NA,NA,489.75,NA,109 AN3C 109,NEE,2022-07-28T23:59:32Z,2022-07-29T00:03:02Z,4,210,1,NA
2022-07-29T00:01:51Z,NA,NA,488.42,NA,109 AN3C 109,NEE,2022-07-28T23:59:32Z,2022-07-29T00:03:02Z,4,210,1,NA
2022-07-29T00:01:52Z,NA,NA,488.49,NA,109 AN3C 109,NEE,2022-07-28T23:59:32Z,2022-07-29T00:03:02Z,4,210,1,NA
2022-07-29T00:01:53Z,NA,NA,488.57,NA,109 AN3C 109,NEE,2022-07-28T23:59:32Z,2022-07-29T00:03:02Z,4,210,1,NA
2022-07-29T00:01:54Z,NA,NA,488.27,NA,109 AN3C 109,NEE,2022-07-28T23:59:32Z,2022-07-29T00:03:02Z,4,210,1,NA
2022-07-29T00:01:55Z,NA,NA,488.1,NA,109 AN3C 109,NEE,2022-07-28T23:59:32Z,2022-07-29T00:03:02Z,4,210,1,NA
2022-07-29T00:01:56Z,7.76,10.71,488.64,1.83,109 AN3C 109,NEE,2022-07-28T23:59:32Z,2022-07-29T00:03:02Z,4,210,1,NA
2022-07-29T00:01:57Z,NA,NA,489,NA,109 AN3C 109,NEE,2022-07-28T23:59:32Z,2022-07-29T00:03:02Z,4,210,1,NA
2022-07-29T00:01:58Z,NA,NA,488.52,NA,109 AN3C 109,NEE,2022-07-28T23:59:32Z,2022-07-29T00:03:02Z,4,210,1,NA
2022-07-29T00:01:59Z,NA,NA,489.46,NA,109 AN3C 109,NEE,2022-07-28T23:59:32Z,2022-07-29T00:03:02Z,4,210,1,NA
2022-07-29T00:02:00Z,NA,NA,488.84,NA,109 AN3C 109,NEE,2022-07-28T23:59:32Z,2022-07-29T00:03:02Z,4,210,1,NA
2022-07-29T00:02:01Z,NA,NA,488.6,NA,109 AN3C 109,NEE,2022-07-28T23:59:32Z,2022-07-29T00:03:02Z,4,210,1,NA
2022-07-29T00:02:02Z,NA,NA,489.23,NA,109 AN3C 109,NEE,2022-07-28T23:59:32Z,2022-07-29T00:03:02Z,4,210,1,NA
2022-07-29T00:02:03Z,NA,NA,488.44,NA,109 AN3C 109,NEE,2022-07-28T23:59:32Z,2022-07-29T00:03:02Z,4,210,1,NA
2022-07-29T00:02:04Z,NA,NA,489.22,NA,109 AN3C 109,NEE,2022-07-28T23:59:32Z,2022-07-29T00:03:02Z,4,210,1,NA
2022-07-29T00:02:05Z,NA,NA,489.61,NA,109 AN3C 109,NEE,2022-07-28T23:59:32Z,2022-07-29T00:03:02Z,4,210,1,NA
2022-07-29T00:02:06Z,7.75,10.69,489.28,1.83,109 AN3C 109,NEE,2022-07-28T23:59:32Z,2022-07-29T00:03:02Z,4,210,1,NA
2022-07-29T00:02:07Z,NA,NA,488.58,NA,109 AN3C 109,NEE,2022-07-28T23:59:32Z,2022-07-29T00:03:02Z,4,210,1,NA
2022-07-29T00:02:08Z,NA,NA,488.81,NA,109 AN3C 109,NEE,2022-07-28T23:59:32Z,2022-07-29T00:03:02Z,4,210,1,NA
2022-07-29T00:02:09Z,NA,NA,489.75,NA,109 AN3C 109,NEE,2022-07-28T23:59:32Z,2022-07-29T00:03:02Z,4,210,1,NA
2022-07-29T00:02:10Z,NA,NA,489.68,NA,109 AN3C 109,NEE,2022-07-28T23:59:32Z,2022-07-29T00:03:02Z,4,210,1,NA
2022-07-29T00:02:11Z,NA,NA,489.76,NA,109 AN3C 109,NEE,2022-07-28T23:59:32Z,2022-07-29T00:03:02Z,4,210,1,NA
2022-07-29T00:02:12Z,NA,NA,490.23,NA,109 AN3C 109,NEE,2022-07-28T23:59:32Z,2022-07-29T00:03:02Z,4,210,1,NA
2022-07-29T00:02:13Z,NA,NA,489.83,NA,109 AN3C 109,NEE,2022-07-28T23:59:32Z,2022-07-29T00:03:02Z,4,210,1,NA
2022-07-29T00:02:14Z,NA,NA,490.7,NA,109 AN3C 109,NEE,2022-07-28T23:59:32Z,2022-07-29T00:03:02Z,4,210,1,NA
2022-07-29T00:02:15Z,NA,NA,490.16,NA,109 AN3C 109,NEE,2022-07-28T23:59:32Z,2022-07-29T00:03:02Z,4,210,1,NA
2022-07-29T00:02:16Z,7.73,10.69,489.68,2.9,109 AN3C 109,NEE,2022-07-28T23:59:32Z,2022-07-29T00:03:02Z,4,210,1,NA
2022-07-29T00:02:17Z,NA,NA,490.64,NA,109 AN3C 109,NEE,2022-07-28T23:59:32Z,2022-07-29T00:03:02Z,4,210,1,NA
2022-07-29T00:02:18Z,NA,NA,490.6,NA,109 AN3C 109,NEE,2022-07-28T23:59:32Z,2022-07-29T00:03:02Z,4,210,1,NA
2022-07-29T00:02:19Z,NA,NA,490.72,NA,109 AN3C 109,NEE,2022-07-28T23:59:32Z,2022-07-29T00:03:02Z,4,210,1,NA
2022-07-29T00:02:20Z,NA,NA,490.49,NA,109 AN3C 109,NEE,2022-07-28T23:59:32Z,2022-07-29T00:03:02Z,4,210,1,NA
2022-07-29T00:02:21Z,NA,NA,491.36,NA,109 AN3C 109,NEE,2022-07-28T23:59:32Z,2022-07-29T00:03:02Z,4,210,1,NA
2022-07-29T00:02:22Z,NA,NA,490.49,NA,109 AN3C 109,NEE,2022-07-28T23:59:32Z,2022-07-29T00:03:02Z,4,210,1,NA
2022-07-29T00:02:23Z,NA,NA,490.33,NA,109 AN3C 109,NEE,2022-07-28T23:59:32Z,2022-07-29T00:03:02Z,4,210,1,NA
2022-07-29T00:02:24Z,NA,NA,490.49,NA,109 AN3C 109,NEE,2022-07-28T23:59:32Z,2022-07-29T00:03:02Z,4,210,1,NA
2022-07-29T00:02:25Z,NA,NA,490.65,NA,109 AN3C 109,NEE,2022-07-28T23:59:32Z,2022-07-29T00:03:02Z,4,210,1,NA
2022-07-29T00:02:26Z,7.72,10.68,490.88,1.37,109 AN3C 109,NEE,2022-07-28T23:59:32Z,2022-07-29T00:03:02Z,4,210,1,NA
2022-07-29T00:02:27Z,NA,NA,490.48,NA,109 AN3C 109,NEE,2022-07-28T23:59:32Z,2022-07-29T00:03:02Z,4,210,1,NA
2022-07-29T00:02:28Z,NA,NA,490.32,NA,109 AN3C 109,NEE,2022-07-28T23:59:32Z,2022-07-29T00:03:02Z,4,210,1,NA
2022-07-29T00:02:29Z,NA,NA,490.71,NA,109 AN3C 109,NEE,2022-07-28T23:59:32Z,2022-07-29T00:03:02Z,4,210,1,NA
2022-07-29T00:02:30Z,NA,NA,490.31,NA,109 AN3C 109,NEE,2022-07-28T23:59:32Z,2022-07-29T00:03:02Z,4,210,1,NA
2022-07-29T00:02:31Z,NA,NA,490.08,NA,109 AN3C 109,NEE,2022-07-28T23:59:32Z,2022-07-29T00:03:02Z,4,210,1,NA
2022-07-29T00:02:32Z,NA,NA,489.68,NA,109 AN3C 109,NEE,2022-07-28T23:59:32Z,2022-07-29T00:03:02Z,4,210,1,NA
2022-07-29T00:02:33Z,NA,NA,482.45,NA,109 AN3C 109,NEE,2022-07-28T23:59:32Z,2022-07-29T00:03:02Z,4,210,1,NA
2022-07-29T00:02:34Z,NA,NA,465.61,NA,109 AN3C 109,NEE,2022-07-28T23:59:32Z,2022-07-29T00:03:02Z,4,210,1,NA
2022-07-29T00:02:35Z,NA,NA,448.46,NA,109 AN3C 109,NEE,2022-07-28T23:59:32Z,2022-07-29T00:03:02Z,4,210,1,NA
2022-07-29T00:02:36Z,7.74,10.66,437.21,2.44,109 AN3C 109,NEE,2022-07-28T23:59:32Z,2022-07-29T00:03:02Z,4,210,1,NA
2022-07-29T00:02:37Z,NA,NA,427.79,NA,109 AN3C 109,NEE,2022-07-28T23:59:32Z,2022-07-29T00:03:02Z,4,210,1,NA
2022-07-29T00:02:38Z,NA,NA,423.78,NA,109 AN3C 109,NEE,2022-07-28T23:59:32Z,2022-07-29T00:03:02Z,4,210,1,NA
2022-07-29T00:02:39Z,NA,NA,420.9,NA,109 AN3C 109,NEE,2022-07-28T23:59:32Z,2022-07-29T00:03:02Z,4,210,1,NA
2022-07-29T00:02:40Z,NA,NA,419.39,NA,109 AN3C 109,NEE,2022-07-28T23:59:32Z,2022-07-29T00:03:02Z,4,210,1,NA
2022-07-29T00:02:41Z,NA,NA,417.98,NA,109 AN3C 109,NEE,2022-07-28T23:59:32Z,2022-07-29T00:03:02Z,4,210,1,NA
2022-07-29T00:02:42Z,NA,NA,417.69,NA,109 AN3C 109,NEE,2022-07-28T23:59:32Z,2022-07-29T00:03:02Z,4,210,1,NA
2022-07-29T00:02:43Z,NA,NA,417.3,NA,109 AN3C 109,NEE,2022-07-28T23:59:32Z,2022-07-29T00:03:02Z,4,210,1,NA
2022-07-29T00:02:44Z,NA,NA,417.54,NA,109 AN3C 109,NEE,2022-07-28T23:59:32Z,2022-07-29T00:03:02Z,4,210,1,NA
2022-07-29T00:02:45Z,NA,NA,417.77,NA,109 AN3C 109,NEE,2022-07-28T23:59:32Z,2022-07-29T00:03:02Z,4,210,1,NA
2022-07-29T00:02:46Z,7.74,10.66,416.75,1.53,109 AN3C 109,NEE,2022-07-28T23:59:32Z,2022-07-29T00:03:02Z,4,210,1,NA
2022-07-29T00:02:47Z,NA,NA,417.53,NA,109 AN3C 109,NEE,2022-07-28T23:59:32Z,2022-07-29T00:03:02Z,4,210,1,NA
2022-07-29T00:02:48Z,NA,NA,417.29,NA,109 AN3C 109,NEE,2022-07-28T23:59:32Z,2022-07-29T00:03:02Z,4,210,1,NA
2022-07-29T00:02:49Z,NA,NA,416.73,NA,109 AN3C 109,NEE,2022-07-28T23:59:32Z,2022-07-29T00:03:02Z,4,210,1,NA
2022-07-29T00:02:50Z,NA,NA,416.8,NA,109 AN3C 109,NEE,2022-07-28T23:59:32Z,2022-07-29T00:03:02Z,4,210,1,NA
2022-07-29T00:02:51Z,NA,NA,417.91,NA,109 AN3C 109,NEE,2022-07-28T23:59:32Z,2022-07-29T00:03:02Z,4,210,1,NA
2022-07-29T00:02:52Z,NA,NA,417.12,NA,109 AN3C 109,NEE,2022-07-28T23:59:32Z,2022-07-29T00:03:02Z,4,210,1,NA
2022-07-29T00:02:53Z,NA,NA,418.53,NA,109 AN3C 109,NEE,2022-07-28T23:59:32Z,2022-07-29T00:03:02Z,4,210,1,NA
2022-07-29T00:02:54Z,NA,NA,418.93,NA,109 AN3C 109,NEE,2022-07-28T23:59:32Z,2022-07-29T00:03:02Z,4,210,1,NA
2022-07-29T00:02:55Z,NA,NA,419.24,NA,109 AN3C 109,NEE,2022-07-28T23:59:32Z,2022-07-29T00:03:02Z,4,210,1,NA
2022-07-29T00:02:56Z,7.71,10.64,420.35,0.92,109 AN3C 109,NEE,2022-07-28T23:59:32Z,2022-07-29T00:03:02Z,4,210,1,NA
2022-07-29T00:02:57Z,NA,NA,421.53,NA,109 AN3C 109,NEE,2022-07-28T23:59:32Z,2022-07-29T00:03:02Z,4,210,1,NA
2022-07-29T00:02:58Z,NA,NA,422,NA,109 AN3C 109,NEE,2022-07-28T23:59:32Z,2022-07-29T00:03:02Z,4,210,1,NA
2022-07-29T00:02:59Z,NA,NA,423.1,NA,109 AN3C 109,NEE,2022-07-28T23:59:32Z,2022-07-29T00:03:02Z,4,210,1,NA
2022-07-29T00:03:00Z,NA,NA,424.52,NA,109 AN3C 109,NEE,2022-07-28T23:59:32Z,2022-07-29T00:03:02Z,4,210,1,NA
2022-07-29T00:03:01Z,NA,NA,424.97,NA,109 AN3C 109,NEE,2022-07-28T23:59:32Z,2022-07-29T00:03:02Z,4,210,1,NA
2022-07-29T00:03:10Z,NA,NA,431.14,NA,109 AN3C 109,ER,2022-07-29T00:03:10Z,2022-07-29T00:06:40Z,5,161,0.7666666666666667,NA
2022-07-29T00:03:11Z,NA,NA,432.08,NA,109 AN3C 109,ER,2022-07-29T00:03:10Z,2022-07-29T00:06:40Z,5,161,0.7666666666666667,NA
2022-07-29T00:03:12Z,NA,NA,431.77,NA,109 AN3C 109,ER,2022-07-29T00:03:10Z,2022-07-29T00:06:40Z,5,161,0.7666666666666667,NA
2022-07-29T00:03:13Z,NA,NA,432.32,NA,109 AN3C 109,ER,2022-07-29T00:03:10Z,2022-07-29T00:06:40Z,5,161,0.7666666666666667,NA
2022-07-29T00:03:14Z,NA,NA,433.11,NA,109 AN3C 109,ER,2022-07-29T00:03:10Z,2022-07-29T00:06:40Z,5,161,0.7666666666666667,NA
2022-07-29T00:03:15Z,NA,NA,433.57,NA,109 AN3C 109,ER,2022-07-29T00:03:10Z,2022-07-29T00:06:40Z,5,161,0.7666666666666667,NA
2022-07-29T00:03:16Z,7.67,10.6,434.52,1.37,109 AN3C 109,ER,2022-07-29T00:03:10Z,2022-07-29T00:06:40Z,5,161,0.7666666666666667,NA
2022-07-29T00:03:17Z,NA,NA,434.83,NA,109 AN3C 109,ER,2022-07-29T00:03:10Z,2022-07-29T00:06:40Z,5,161,0.7666666666666667,NA
2022-07-29T00:03:18Z,NA,NA,435.06,NA,109 AN3C 109,ER,2022-07-29T00:03:10Z,2022-07-29T00:06:40Z,5,161,0.7666666666666667,NA
2022-07-29T00:03:19Z,NA,NA,436.32,NA,109 AN3C 109,ER,2022-07-29T00:03:10Z,2022-07-29T00:06:40Z,5,161,0.7666666666666667,NA
2022-07-29T00:03:20Z,NA,NA,437.11,NA,109 AN3C 109,ER,2022-07-29T00:03:10Z,2022-07-29T00:06:40Z,5,161,0.7666666666666667,NA
2022-07-29T00:03:21Z,NA,NA,437.43,NA,109 AN3C 109,ER,2022-07-29T00:03:10Z,2022-07-29T00:06:40Z,5,161,0.7666666666666667,NA
2022-07-29T00:03:22Z,NA,NA,437.7,NA,109 AN3C 109,ER,2022-07-29T00:03:10Z,2022-07-29T00:06:40Z,5,161,0.7666666666666667,NA
2022-07-29T00:03:23Z,NA,NA,438.44,NA,109 AN3C 109,ER,2022-07-29T00:03:10Z,2022-07-29T00:06:40Z,5,161,0.7666666666666667,NA
2022-07-29T00:03:24Z,NA,NA,438.41,NA,109 AN3C 109,ER,2022-07-29T00:03:10Z,2022-07-29T00:06:40Z,5,161,0.7666666666666667,NA
2022-07-29T00:03:25Z,NA,NA,439.16,NA,109 AN3C 109,ER,2022-07-29T00:03:10Z,2022-07-29T00:06:40Z,5,161,0.7666666666666667,NA
2022-07-29T00:03:26Z,7.65,10.59,439.42,1.68,109 AN3C 109,ER,2022-07-29T00:03:10Z,2022-07-29T00:06:40Z,5,161,0.7666666666666667,NA
2022-07-29T00:03:27Z,NA,NA,440.52,NA,109 AN3C 109,ER,2022-07-29T00:03:10Z,2022-07-29T00:06:40Z,5,161,0.7666666666666667,NA
2022-07-29T00:03:28Z,NA,NA,441.08,NA,109 AN3C 109,ER,2022-07-29T00:03:10Z,2022-07-29T00:06:40Z,5,161,0.7666666666666667,NA
2022-07-29T00:03:29Z,NA,NA,441.08,NA,109 AN3C 109,ER,2022-07-29T00:03:10Z,2022-07-29T00:06:40Z,5,161,0.7666666666666667,NA
2022-07-29T00:03:30Z,NA,NA,441.85,NA,109 AN3C 109,ER,2022-07-29T00:03:10Z,2022-07-29T00:06:40Z,5,161,0.7666666666666667,NA
2022-07-29T00:03:31Z,NA,NA,441.77,NA,109 AN3C 109,ER,2022-07-29T00:03:10Z,2022-07-29T00:06:40Z,5,161,0.7666666666666667,NA
2022-07-29T00:03:32Z,NA,NA,443.11,NA,109 AN3C 109,ER,2022-07-29T00:03:10Z,2022-07-29T00:06:40Z,5,161,0.7666666666666667,NA
2022-07-29T00:03:33Z,NA,NA,443.26,NA,109 AN3C 109,ER,2022-07-29T00:03:10Z,2022-07-29T00:06:40Z,5,161,0.7666666666666667,NA
2022-07-29T00:03:34Z,NA,NA,444.59,NA,109 AN3C 109,ER,2022-07-29T00:03:10Z,2022-07-29T00:06:40Z,5,161,0.7666666666666667,NA
2022-07-29T00:03:35Z,NA,NA,444.2,NA,109 AN3C 109,ER,2022-07-29T00:03:10Z,2022-07-29T00:06:40Z,5,161,0.7666666666666667,NA
2022-07-29T00:03:36Z,7.64,10.59,446.24,1.53,109 AN3C 109,ER,2022-07-29T00:03:10Z,2022-07-29T00:06:40Z,5,161,0.7666666666666667,NA
2022-07-29T00:03:37Z,NA,NA,446.32,NA,109 AN3C 109,ER,2022-07-29T00:03:10Z,2022-07-29T00:06:40Z,5,161,0.7666666666666667,NA
2022-07-29T00:03:38Z,NA,NA,446.4,NA,109 AN3C 109,ER,2022-07-29T00:03:10Z,2022-07-29T00:06:40Z,5,161,0.7666666666666667,NA
2022-07-29T00:03:39Z,NA,NA,447.49,NA,109 AN3C 109,ER,2022-07-29T00:03:10Z,2022-07-29T00:06:40Z,5,161,0.7666666666666667,NA
2022-07-29T00:03:40Z,NA,NA,447.42,NA,109 AN3C 109,ER,2022-07-29T00:03:10Z,2022-07-29T00:06:40Z,5,161,0.7666666666666667,NA
2022-07-29T00:03:41Z,NA,NA,448.05,NA,109 AN3C 109,ER,2022-07-29T00:03:10Z,2022-07-29T00:06:40Z,5,161,0.7666666666666667,NA
2022-07-29T00:03:42Z,NA,NA,448.29,NA,109 AN3C 109,ER,2022-07-29T00:03:10Z,2022-07-29T00:06:40Z,5,161,0.7666666666666667,NA
2022-07-29T00:03:43Z,NA,NA,448.68,NA,109 AN3C 109,ER,2022-07-29T00:03:10Z,2022-07-29T00:06:40Z,5,161,0.7666666666666667,NA
2022-07-29T00:03:44Z,NA,NA,449.31,NA,109 AN3C 109,ER,2022-07-29T00:03:10Z,2022-07-29T00:06:40Z,5,161,0.7666666666666667,NA
2022-07-29T00:03:45Z,NA,NA,449.84,NA,109 AN3C 109,ER,2022-07-29T00:03:10Z,2022-07-29T00:06:40Z,5,161,0.7666666666666667,NA
2022-07-29T00:03:46Z,7.65,10.58,450.09,1.53,109 AN3C 109,ER,2022-07-29T00:03:10Z,2022-07-29T00:06:40Z,5,161,0.7666666666666667,NA
2022-07-29T00:03:47Z,NA,NA,450.37,NA,109 AN3C 109,ER,2022-07-29T00:03:10Z,2022-07-29T00:06:40Z,5,161,0.7666666666666667,NA
2022-07-29T00:03:48Z,NA,NA,450.91,NA,109 AN3C 109,ER,2022-07-29T00:03:10Z,2022-07-29T00:06:40Z,5,161,0.7666666666666667,NA
2022-07-29T00:03:49Z,NA,NA,452.01,NA,109 AN3C 109,ER,2022-07-29T00:03:10Z,2022-07-29T00:06:40Z,5,161,0.7666666666666667,NA
2022-07-29T00:03:50Z,NA,NA,452.25,NA,109 AN3C 109,ER,2022-07-29T00:03:10Z,2022-07-29T00:06:40Z,5,161,0.7666666666666667,NA
2022-07-29T00:03:51Z,NA,NA,452.17,NA,109 AN3C 109,ER,2022-07-29T00:03:10Z,2022-07-29T00:06:40Z,5,161,0.7666666666666667,NA
2022-07-29T00:03:52Z,NA,NA,453.42,NA,109 AN3C 109,ER,2022-07-29T00:03:10Z,2022-07-29T00:06:40Z,5,161,0.7666666666666667,NA
2022-07-29T00:03:53Z,NA,NA,453.1,NA,109 AN3C 109,ER,2022-07-29T00:03:10Z,2022-07-29T00:06:40Z,5,161,0.7666666666666667,NA
2022-07-29T00:03:54Z,NA,NA,453.72,NA,109 AN3C 109,ER,2022-07-29T00:03:10Z,2022-07-29T00:06:40Z,5,161,0.7666666666666667,NA
2022-07-29T00:03:55Z,NA,NA,454.35,NA,109 AN3C 109,ER,2022-07-29T00:03:10Z,2022-07-29T00:06:40Z,5,161,0.7666666666666667,NA
2022-07-29T00:03:56Z,7.65,10.57,454.81,1.53,109 AN3C 109,ER,2022-07-29T00:03:10Z,2022-07-29T00:06:40Z,5,161,0.7666666666666667,NA
2022-07-29T00:03:57Z,NA,NA,455.37,NA,109 AN3C 109,ER,2022-07-29T00:03:10Z,2022-07-29T00:06:40Z,5,161,0.7666666666666667,NA
2022-07-29T00:03:58Z,NA,NA,456.39,NA,109 AN3C 109,ER,2022-07-29T00:03:10Z,2022-07-29T00:06:40Z,5,161,0.7666666666666667,NA
2022-07-29T00:03:59Z,NA,NA,455.92,NA,109 AN3C 109,ER,2022-07-29T00:03:10Z,2022-07-29T00:06:40Z,5,161,0.7666666666666667,NA
2022-07-29T00:04:00Z,NA,NA,456.15,NA,109 AN3C 109,ER,2022-07-29T00:03:10Z,2022-07-29T00:06:40Z,5,161,0.7666666666666667,NA
2022-07-29T00:04:01Z,NA,NA,457.25,NA,109 AN3C 109,ER,2022-07-29T00:03:10Z,2022-07-29T00:06:40Z,5,161,0.7666666666666667,NA
2022-07-29T00:04:02Z,NA,NA,457.01,NA,109 AN3C 109,ER,2022-07-29T00:03:10Z,2022-07-29T00:06:40Z,5,161,0.7666666666666667,NA
2022-07-29T00:04:03Z,NA,NA,457.41,NA,109 AN3C 109,ER,2022-07-29T00:03:10Z,2022-07-29T00:06:40Z,5,161,0.7666666666666667,NA
2022-07-29T00:04:04Z,NA,NA,457.66,NA,109 AN3C 109,ER,2022-07-29T00:03:10Z,2022-07-29T00:06:40Z,5,161,0.7666666666666667,NA
2022-07-29T00:04:05Z,NA,NA,458.81,NA,109 AN3C 109,ER,2022-07-29T00:03:10Z,2022-07-29T00:06:40Z,5,161,0.7666666666666667,NA
2022-07-29T00:04:06Z,7.65,10.58,458.57,1.83,109 AN3C 109,ER,2022-07-29T00:03:10Z,2022-07-29T00:06:40Z,5,161,0.7666666666666667,NA
2022-07-29T00:04:07Z,NA,NA,459.16,NA,109 AN3C 109,ER,2022-07-29T00:03:10Z,2022-07-29T00:06:40Z,5,161,0.7666666666666667,NA
2022-07-29T00:04:08Z,NA,NA,459.5,NA,109 AN3C 109,ER,2022-07-29T00:03:10Z,2022-07-29T00:06:40Z,5,161,0.7666666666666667,NA
2022-07-29T00:04:09Z,NA,NA,459.09,NA,109 AN3C 109,ER,2022-07-29T00:03:10Z,2022-07-29T00:06:40Z,5,161,0.7666666666666667,NA
2022-07-29T00:04:10Z,NA,NA,460.11,NA,109 AN3C 109,ER,2022-07-29T00:03:10Z,2022-07-29T00:06:40Z,5,161,0.7666666666666667,NA
2022-07-29T00:04:11Z,NA,NA,459.8,NA,109 AN3C 109,ER,2022-07-29T00:03:10Z,2022-07-29T00:06:40Z,5,161,0.7666666666666667,NA
2022-07-29T00:04:12Z,NA,NA,460.43,NA,109 AN3C 109,ER,2022-07-29T00:03:10Z,2022-07-29T00:06:40Z,5,161,0.7666666666666667,NA
2022-07-29T00:04:13Z,NA,NA,460.59,NA,109 AN3C 109,ER,2022-07-29T00:03:10Z,2022-07-29T00:06:40Z,5,161,0.7666666666666667,NA
2022-07-29T00:04:14Z,NA,NA,460.74,NA,109 AN3C 109,ER,2022-07-29T00:03:10Z,2022-07-29T00:06:40Z,5,161,0.7666666666666667,NA
2022-07-29T00:04:15Z,NA,NA,461.84,NA,109 AN3C 109,ER,2022-07-29T00:03:10Z,2022-07-29T00:06:40Z,5,161,0.7666666666666667,NA
2022-07-29T00:04:16Z,7.66,10.57,460.96,1.68,109 AN3C 109,ER,2022-07-29T00:03:10Z,2022-07-29T00:06:40Z,5,161,0.7666666666666667,NA
2022-07-29T00:04:17Z,NA,NA,461.98,NA,109 AN3C 109,ER,2022-07-29T00:03:10Z,2022-07-29T00:06:40Z,5,161,0.7666666666666667,NA
2022-07-29T00:04:18Z,NA,NA,461.91,NA,109 AN3C 109,ER,2022-07-29T00:03:10Z,2022-07-29T00:06:40Z,5,161,0.7666666666666667,NA
2022-07-29T00:04:19Z,NA,NA,461.75,NA,109 AN3C 109,ER,2022-07-29T00:03:10Z,2022-07-29T00:06:40Z,5,161,0.7666666666666667,NA
2022-07-29T00:04:20Z,NA,NA,462.62,NA,109 AN3C 109,ER,2022-07-29T00:03:10Z,2022-07-29T00:06:40Z,5,161,0.7666666666666667,NA
2022-07-29T00:04:21Z,NA,NA,463.08,NA,109 AN3C 109,ER,2022-07-29T00:03:10Z,2022-07-29T00:06:40Z,5,161,0.7666666666666667,NA
2022-07-29T00:04:22Z,NA,NA,463.16,NA,109 AN3C 109,ER,2022-07-29T00:03:10Z,2022-07-29T00:06:40Z,5,161,0.7666666666666667,NA
2022-07-29T00:04:23Z,NA,NA,463.39,NA,109 AN3C 109,ER,2022-07-29T00:03:10Z,2022-07-29T00:06:40Z,5,161,0.7666666666666667,NA
2022-07-29T00:04:24Z,NA,NA,463.63,NA,109 AN3C 109,ER,2022-07-29T00:03:10Z,2022-07-29T00:06:40Z,5,161,0.7666666666666667,NA
2022-07-29T00:04:25Z,NA,NA,463.8,NA,109 AN3C 109,ER,2022-07-29T00:03:10Z,2022-07-29T00:06:40Z,5,161,0.7666666666666667,NA
2022-07-29T00:04:26Z,7.67,10.57,464.9,1.37,109 AN3C 109,ER,2022-07-29T00:03:10Z,2022-07-29T00:06:40Z,5,161,0.7666666666666667,NA
2022-07-29T00:04:27Z,NA,NA,464.6,NA,109 AN3C 109,ER,2022-07-29T00:03:10Z,2022-07-29T00:06:40Z,5,161,0.7666666666666667,NA
2022-07-29T00:04:28Z,NA,NA,465.08,NA,109 AN3C 109,ER,2022-07-29T00:03:10Z,2022-07-29T00:06:40Z,5,161,0.7666666666666667,NA
2022-07-29T00:04:29Z,NA,NA,465.16,NA,109 AN3C 109,ER,2022-07-29T00:03:10Z,2022-07-29T00:06:40Z,5,161,0.7666666666666667,NA
2022-07-29T00:04:30Z,NA,NA,464.99,NA,109 AN3C 109,ER,2022-07-29T00:03:10Z,2022-07-29T00:06:40Z,5,161,0.7666666666666667,NA
2022-07-29T00:04:31Z,NA,NA,465.85,NA,109 AN3C 109,ER,2022-07-29T00:03:10Z,2022-07-29T00:06:40Z,5,161,0.7666666666666667,NA
2022-07-29T00:04:32Z,NA,NA,465.78,NA,109 AN3C 109,ER,2022-07-29T00:03:10Z,2022-07-29T00:06:40Z,5,161,0.7666666666666667,NA
2022-07-29T00:04:33Z,NA,NA,466.49,NA,109 AN3C 109,ER,2022-07-29T00:03:10Z,2022-07-29T00:06:40Z,5,161,0.7666666666666667,NA
2022-07-29T00:04:34Z,NA,NA,466.89,NA,109 AN3C 109,ER,2022-07-29T00:03:10Z,2022-07-29T00:06:40Z,5,161,0.7666666666666667,NA
2022-07-29T00:04:35Z,NA,NA,467.05,NA,109 AN3C 109,ER,2022-07-29T00:03:10Z,2022-07-29T00:06:40Z,5,161,0.7666666666666667,NA
2022-07-29T00:04:36Z,7.66,10.56,466.89,1.37,109 AN3C 109,ER,2022-07-29T00:03:10Z,2022-07-29T00:06:40Z,5,161,0.7666666666666667,NA
2022-07-29T00:04:37Z,NA,NA,466.95,NA,109 AN3C 109,ER,2022-07-29T00:03:10Z,2022-07-29T00:06:40Z,5,161,0.7666666666666667,NA
2022-07-29T00:04:38Z,NA,NA,466.95,NA,109 AN3C 109,ER,2022-07-29T00:03:10Z,2022-07-29T00:06:40Z,5,161,0.7666666666666667,NA
2022-07-29T00:04:39Z,NA,NA,467.34,NA,109 AN3C 109,ER,2022-07-29T00:03:10Z,2022-07-29T00:06:40Z,5,161,0.7666666666666667,NA
2022-07-29T00:04:40Z,NA,NA,467.34,NA,109 AN3C 109,ER,2022-07-29T00:03:10Z,2022-07-29T00:06:40Z,5,161,0.7666666666666667,NA
2022-07-29T00:04:41Z,NA,NA,467.18,NA,109 AN3C 109,ER,2022-07-29T00:03:10Z,2022-07-29T00:06:40Z,5,161,0.7666666666666667,NA
2022-07-29T00:04:42Z,NA,NA,468.52,NA,109 AN3C 109,ER,2022-07-29T00:03:10Z,2022-07-29T00:06:40Z,5,161,0.7666666666666667,NA
2022-07-29T00:04:43Z,NA,NA,468.37,NA,109 AN3C 109,ER,2022-07-29T00:03:10Z,2022-07-29T00:06:40Z,5,161,0.7666666666666667,NA
2022-07-29T00:04:44Z,NA,NA,469.46,NA,109 AN3C 109,ER,2022-07-29T00:03:10Z,2022-07-29T00:06:40Z,5,161,0.7666666666666667,NA
2022-07-29T00:04:45Z,NA,NA,469.22,NA,109 AN3C 109,ER,2022-07-29T00:03:10Z,2022-07-29T00:06:40Z,5,161,0.7666666666666667,NA
2022-07-29T00:04:46Z,7.68,10.57,470.25,2.14,109 AN3C 109,ER,2022-07-29T00:03:10Z,2022-07-29T00:06:40Z,5,161,0.7666666666666667,NA
2022-07-29T00:04:47Z,NA,NA,469.78,NA,109 AN3C 109,ER,2022-07-29T00:03:10Z,2022-07-29T00:06:40Z,5,161,0.7666666666666667,NA
2022-07-29T00:04:48Z,NA,NA,470.49,NA,109 AN3C 109,ER,2022-07-29T00:03:10Z,2022-07-29T00:06:40Z,5,161,0.7666666666666667,NA
2022-07-29T00:04:49Z,NA,NA,470.51,NA,109 AN3C 109,ER,2022-07-29T00:03:10Z,2022-07-29T00:06:40Z,5,161,0.7666666666666667,NA
2022-07-29T00:04:50Z,NA,NA,470.49,NA,109 AN3C 109,ER,2022-07-29T00:03:10Z,2022-07-29T00:06:40Z,5,161,0.7666666666666667,NA
2022-07-29T00:04:51Z,NA,NA,470.99,NA,109 AN3C 109,ER,2022-07-29T00:03:10Z,2022-07-29T00:06:40Z,5,161,0.7666666666666667,NA
2022-07-29T00:04:52Z,NA,NA,470.82,NA,109 AN3C 109,ER,2022-07-29T00:03:10Z,2022-07-29T00:06:40Z,5,161,0.7666666666666667,NA
2022-07-29T00:04:53Z,NA,NA,471.14,NA,109 AN3C 109,ER,2022-07-29T00:03:10Z,2022-07-29T00:06:40Z,5,161,0.7666666666666667,NA
2022-07-29T00:04:54Z,NA,NA,471.3,NA,109 AN3C 109,ER,2022-07-29T00:03:10Z,2022-07-29T00:06:40Z,5,161,0.7666666666666667,NA
2022-07-29T00:04:55Z,NA,NA,471.53,NA,109 AN3C 109,ER,2022-07-29T00:03:10Z,2022-07-29T00:06:40Z,5,161,0.7666666666666667,NA
2022-07-29T00:04:56Z,7.69,10.56,471.3,1.83,109 AN3C 109,ER,2022-07-29T00:03:10Z,2022-07-29T00:06:40Z,5,161,0.7666666666666667,NA
2022-07-29T00:04:57Z,NA,NA,471.3,NA,109 AN3C 109,ER,2022-07-29T00:03:10Z,2022-07-29T00:06:40Z,5,161,0.7666666666666667,NA
2022-07-29T00:04:58Z,NA,NA,472,NA,109 AN3C 109,ER,2022-07-29T00:03:10Z,2022-07-29T00:06:40Z,5,161,0.7666666666666667,NA
2022-07-29T00:04:59Z,NA,NA,471.37,NA,109 AN3C 109,ER,2022-07-29T00:03:10Z,2022-07-29T00:06:40Z,5,161,0.7666666666666667,NA
2022-07-29T00:05:00Z,NA,NA,471.2,NA,109 AN3C 109,ER,2022-07-29T00:03:10Z,2022-07-29T00:06:40Z,5,161,0.7666666666666667,NA
2022-07-29T00:05:01Z,NA,NA,471.82,NA,109 AN3C 109,ER,2022-07-29T00:03:10Z,2022-07-29T00:06:40Z,5,161,0.7666666666666667,NA
2022-07-29T00:05:02Z,NA,NA,472.7,NA,109 AN3C 109,ER,2022-07-29T00:03:10Z,2022-07-29T00:06:40Z,5,161,0.7666666666666667,NA
2022-07-29T00:05:03Z,NA,NA,472.69,NA,109 AN3C 109,ER,2022-07-29T00:03:10Z,2022-07-29T00:06:40Z,5,161,0.7666666666666667,NA
2022-07-29T00:05:04Z,NA,NA,472.85,NA,109 AN3C 109,ER,2022-07-29T00:03:10Z,2022-07-29T00:06:40Z,5,161,0.7666666666666667,NA
2022-07-29T00:05:05Z,NA,NA,472.22,NA,109 AN3C 109,ER,2022-07-29T00:03:10Z,2022-07-29T00:06:40Z,5,161,0.7666666666666667,NA
2022-07-29T00:05:06Z,7.7,10.56,472.53,1.37,109 AN3C 109,ER,2022-07-29T00:03:10Z,2022-07-29T00:06:40Z,5,161,0.7666666666666667,NA
2022-07-29T00:05:07Z,NA,NA,472.77,NA,109 AN3C 109,ER,2022-07-29T00:03:10Z,2022-07-29T00:06:40Z,5,161,0.7666666666666667,NA
2022-07-29T00:05:08Z,NA,NA,473.17,NA,109 AN3C 109,ER,2022-07-29T00:03:10Z,2022-07-29T00:06:40Z,5,161,0.7666666666666667,NA
2022-07-29T00:05:09Z,NA,NA,472.78,NA,109 AN3C 109,ER,2022-07-29T00:03:10Z,2022-07-29T00:06:40Z,5,161,0.7666666666666667,NA
2022-07-29T00:05:10Z,NA,NA,473.01,NA,109 AN3C 109,ER,2022-07-29T00:03:10Z,2022-07-29T00:06:40Z,5,161,0.7666666666666667,NA
2022-07-29T00:05:11Z,NA,NA,473.32,NA,109 AN3C 109,ER,2022-07-29T00:03:10Z,2022-07-29T00:06:40Z,5,161,0.7666666666666667,NA
2022-07-29T00:05:12Z,NA,NA,473.26,NA,109 AN3C 109,ER,2022-07-29T00:03:10Z,2022-07-29T00:06:40Z,5,161,0.7666666666666667,NA
2022-07-29T00:05:13Z,NA,NA,473.2,NA,109 AN3C 109,ER,2022-07-29T00:03:10Z,2022-07-29T00:06:40Z,5,161,0.7666666666666667,NA
2022-07-29T00:05:14Z,NA,NA,473.5,NA,109 AN3C 109,ER,2022-07-29T00:03:10Z,2022-07-29T00:06:40Z,5,161,0.7666666666666667,NA
2022-07-29T00:05:15Z,NA,NA,473.97,NA,109 AN3C 109,ER,2022-07-29T00:03:10Z,2022-07-29T00:06:40Z,5,161,0.7666666666666667,NA
2022-07-29T00:05:16Z,7.72,10.57,473.9,1.68,109 AN3C 109,ER,2022-07-29T00:03:10Z,2022-07-29T00:06:40Z,5,161,0.7666666666666667,NA
2022-07-29T00:05:17Z,NA,NA,473.58,NA,109 AN3C 109,ER,2022-07-29T00:03:10Z,2022-07-29T00:06:40Z,5,161,0.7666666666666667,NA
2022-07-29T00:05:18Z,NA,NA,474.45,NA,109 AN3C 109,ER,2022-07-29T00:03:10Z,2022-07-29T00:06:40Z,5,161,0.7666666666666667,NA
2022-07-29T00:05:19Z,NA,NA,473.9,NA,109 AN3C 109,ER,2022-07-29T00:03:10Z,2022-07-29T00:06:40Z,5,161,0.7666666666666667,NA
2022-07-29T00:05:20Z,NA,NA,473.73,NA,109 AN3C 109,ER,2022-07-29T00:03:10Z,2022-07-29T00:06:40Z,5,161,0.7666666666666667,NA
2022-07-29T00:05:21Z,NA,NA,473.64,NA,109 AN3C 109,ER,2022-07-29T00:03:10Z,2022-07-29T00:06:40Z,5,161,0.7666666666666667,NA
2022-07-29T00:05:22Z,NA,NA,473.96,NA,109 AN3C 109,ER,2022-07-29T00:03:10Z,2022-07-29T00:06:40Z,5,161,0.7666666666666667,NA
2022-07-29T00:05:23Z,NA,NA,474.19,NA,109 AN3C 109,ER,2022-07-29T00:03:10Z,2022-07-29T00:06:40Z,5,161,0.7666666666666667,NA
2022-07-29T00:05:24Z,NA,NA,474.74,NA,109 AN3C 109,ER,2022-07-29T00:03:10Z,2022-07-29T00:06:40Z,5,161,0.7666666666666667,NA
2022-07-29T00:05:25Z,NA,NA,474.89,NA,109 AN3C 109,ER,2022-07-29T00:03:10Z,2022-07-29T00:06:40Z,5,161,0.7666666666666667,NA
2022-07-29T00:05:26Z,7.72,10.56,474.43,1.98,109 AN3C 109,ER,2022-07-29T00:03:10Z,2022-07-29T00:06:40Z,5,161,0.7666666666666667,NA
2022-07-29T00:05:27Z,NA,NA,474.9,NA,109 AN3C 109,ER,2022-07-29T00:03:10Z,2022-07-29T00:06:40Z,5,161,0.7666666666666667,NA
2022-07-29T00:05:28Z,NA,NA,474.42,NA,109 AN3C 109,ER,2022-07-29T00:03:10Z,2022-07-29T00:06:40Z,5,161,0.7666666666666667,NA
2022-07-29T00:05:29Z,NA,NA,474.49,NA,109 AN3C 109,ER,2022-07-29T00:03:10Z,2022-07-29T00:06:40Z,5,161,0.7666666666666667,NA
2022-07-29T00:05:30Z,NA,NA,474.11,NA,109 AN3C 109,ER,2022-07-29T00:03:10Z,2022-07-29T00:06:40Z,5,161,0.7666666666666667,NA
2022-07-29T00:05:31Z,NA,NA,474.67,NA,109 AN3C 109,ER,2022-07-29T00:03:10Z,2022-07-29T00:06:40Z,5,161,0.7666666666666667,NA
2022-07-29T00:05:32Z,NA,NA,469.75,NA,109 AN3C 109,ER,2022-07-29T00:03:10Z,2022-07-29T00:06:40Z,5,161,0.7666666666666667,NA
2022-07-29T00:05:33Z,NA,NA,463.1,NA,109 AN3C 109,ER,2022-07-29T00:03:10Z,2022-07-29T00:06:40Z,5,161,0.7666666666666667,NA
2022-07-29T00:05:34Z,NA,NA,454.47,NA,109 AN3C 109,ER,2022-07-29T00:03:10Z,2022-07-29T00:06:40Z,5,161,0.7666666666666667,NA
2022-07-29T00:05:35Z,NA,NA,440.98,NA,109 AN3C 109,ER,2022-07-29T00:03:10Z,2022-07-29T00:06:40Z,5,161,0.7666666666666667,NA
2022-07-29T00:05:36Z,7.73,10.11,429.5,2.14,109 AN3C 109,ER,2022-07-29T00:03:10Z,2022-07-29T00:06:40Z,5,161,0.7666666666666667,NA
2022-07-29T00:05:37Z,NA,NA,428.49,NA,109 AN3C 109,ER,2022-07-29T00:03:10Z,2022-07-29T00:06:40Z,5,161,0.7666666666666667,NA
2022-07-29T00:05:38Z,NA,NA,430.53,NA,109 AN3C 109,ER,2022-07-29T00:03:10Z,2022-07-29T00:06:40Z,5,161,0.7666666666666667,NA
2022-07-29T00:05:39Z,NA,NA,425.26,NA,109 AN3C 109,ER,2022-07-29T00:03:10Z,2022-07-29T00:06:40Z,5,161,0.7666666666666667,NA
2022-07-29T00:05:40Z,NA,NA,422.9,NA,109 AN3C 109,ER,2022-07-29T00:03:10Z,2022-07-29T00:06:40Z,5,161,0.7666666666666667,NA
2022-07-29T00:05:41Z,NA,NA,418.65,NA,109 AN3C 109,ER,2022-07-29T00:03:10Z,2022-07-29T00:06:40Z,5,161,0.7666666666666667,NA
2022-07-29T00:05:42Z,NA,NA,417.31,NA,109 AN3C 109,ER,2022-07-29T00:03:10Z,2022-07-29T00:06:40Z,5,161,0.7666666666666667,NA
2022-07-29T00:05:43Z,NA,NA,436.02,NA,109 AN3C 109,ER,2022-07-29T00:03:10Z,2022-07-29T00:06:40Z,5,161,0.7666666666666667,NA
2022-07-29T00:05:44Z,NA,NA,455.46,NA,109 AN3C 109,ER,2022-07-29T00:03:10Z,2022-07-29T00:06:40Z,5,161,0.7666666666666667,NA
2022-07-29T00:05:45Z,NA,NA,455.22,NA,109 AN3C 109,ER,2022-07-29T00:03:10Z,2022-07-29T00:06:40Z,5,161,0.7666666666666667,NA
2022-07-29T00:05:46Z,7.8,9.93,451.77,2.29,109 AN3C 109,ER,2022-07-29T00:03:10Z,2022-07-29T00:06:40Z,5,161,0.7666666666666667,NA
2022-07-29T00:05:47Z,NA,NA,451.13,NA,109 AN3C 109,ER,2022-07-29T00:03:10Z,2022-07-29T00:06:40Z,5,161,0.7666666666666667,NA
2022-07-29T00:05:48Z,NA,NA,449.56,NA,109 AN3C 109,ER,2022-07-29T00:03:10Z,2022-07-29T00:06:40Z,5,161,0.7666666666666667,NA
2022-07-29T00:05:49Z,NA,NA,440.82,NA,109 AN3C 109,ER,2022-07-29T00:03:10Z,2022-07-29T00:06:40Z,5,161,0.7666666666666667,NA
2022-07-29T00:05:50Z,NA,NA,431.55,NA,109 AN3C 109,ER,2022-07-29T00:03:10Z,2022-07-29T00:06:40Z,5,161,0.7666666666666667,NA
2022-07-29T00:06:35Z,NA,NA,NA,NA,29 WN3C 106,NEE,2022-07-29T00:06:35Z,2022-07-29T00:10:05Z,6,0,0,no data
