PAR_ave,type,campaign,datetime,f_flux,OTC,treatment
1048.68,1,LRC,2020-08-08T12:35:15Z,-34.2280545661564,C,C
1440.92,2,LRC,2020-08-08T12:38:30Z,-27.6679626532597,C,C
1027.10375,3,LRC,2020-08-08T12:42:00Z,-28.9904949103139,C,C
1022.5625,4,LRC,2020-08-08T12:48:45Z,-24.5856216514638,C,C
696.29875,5,LRC,2020-08-08T12:53:15Z,-8.24368270283501,C,C
6.860625,6,LRC,2020-08-08T12:58:45Z,35.2913219049526,C,C
1439.9875,1,LRC,2020-08-26T10:42:00Z,-20.9404521953985,W,C
1205.2875,2,LRC,2020-08-26T10:45:45Z,0.708518453701712,W,C
300.032857142857,3,LRC,2020-08-26T10:49:10Z,-15.1961955444206,W,C
501.732857142857,4,LRC,2020-08-26T10:52:20Z,-3.26855606229665,W,C
2.079325,5,LRC,2020-08-26T10:55:45Z,14.2786432275701,W,C
1430.48571428571,1,LRC,2020-08-26T11:00:40Z,-19.0124251562106,C,C
984.14625,2,LRC,2020-08-26T11:04:15Z,-16.0184622816309,C,C
899.96,3,LRC,2020-08-26T11:08:00Z,0,C,C
520,4,LRC,2020-08-26T11:11:10Z,-2.91498343270276,C,C
1.21815714285714,5,LRC,2020-08-26T11:14:10Z,20.1876255724628,C,C
1569.64285714286,1,LRC,2020-08-26T13:37:20Z,-39.4905233254824,W,C
1329.7,2,LRC,2020-08-26T13:40:40Z,-37.6285077456054,W,C
370.626875,3,LRC,2020-08-26T13:44:15Z,-25.4916486354658,W,C
349.807375,4,LRC,2020-08-26T13:47:15Z,-17.0313103466715,W,C
0.6947575,5,LRC,2020-08-26T13:50:15Z,27.1839416646225,W,C
1733.4125,1,LRC,2020-08-26T13:56:30Z,-23.9705928844846,C,C
1271.01428571429,2,LRC,2020-08-26T13:59:40Z,-20.7548768393891,C,C
321.9275,3,LRC,2020-08-26T14:02:45Z,0.695309425411311,C,C
424.1975,4,LRC,2020-08-26T14:06:15Z,6.3259778989747,C,C
2.7646,5,LRC,2020-08-26T14:09:45Z,42.749104235532,C,C
0.6495825,ER,2,2020-07-17T12:15:30Z,17.9548233424947,NA,C_C
0.66304875,ER,2,2020-07-17T12:19:30Z,5.2778900615502,NA,C_C
0.45374625,ER,2,2020-07-17T12:23:30Z,16.6298346598747,NA,C_C
259.855,NEE,2,2020-07-17T12:27:00Z,6.24839032649164,NA,C_C
250.65125,NEE,2,2020-07-17T12:31:00Z,5.94255288856925,NA,C_C
251.45375,NEE,2,2020-07-17T12:35:00Z,7.41923075712041,NA,C_C
0.49512875,ER,2,2020-07-17T12:52:30Z,5.26427212320053,NA,C_C
0.52441875,ER,2,2020-07-17T12:56:45Z,10.0409379185566,NA,C_C
0.4754575,ER,2,2020-07-17T13:01:30Z,12.3971876038181,NA,C_C
362.99625,NEE,2,2020-07-17T13:06:30Z,2.8542969389638,NA,C_C
499.90875,NEE,2,2020-07-17T13:11:30Z,-0.99223772302263,NA,C_C
471.175,NEE,2,2020-07-17T13:15:45Z,0,NA,C_C
0.5268925,ER,2,2020-07-17T13:56:30Z,-24.3889916520919,NA,W_C
0.72185375,ER,2,2020-07-17T14:01:00Z,7.79021564234486,NA,W_C
0.57599875,ER,2,2020-07-17T14:05:00Z,6.04983065860939,NA,W_C
448.53,NEE,2,2020-07-17T15:22:30Z,14.9764666987678,NA,W_C
489.65,NEE,2,2020-07-17T15:25:45Z,0,NA,W_C
518.21125,NEE,2,2020-07-17T15:29:00Z,-0.651046972987562,NA,W_C
0.8241475,ER,2,2020-07-17T15:38:00Z,48.4268241978956,NA,W_C
0.97044,ER,2,2020-07-17T15:41:30Z,67.6788113114023,NA,W_C
0.9166725,ER,2,2020-07-17T15:45:00Z,59.5280411422121,NA,W_C
400.97,NEE,2,2020-07-17T15:48:30Z,30.0828281761473,NA,W_C
375.92375,NEE,2,2020-07-17T15:52:00Z,36.2790601169264,NA,W_C
363.30375,NEE,2,2020-07-17T15:55:30Z,14.5187442999385,NA,W_C
0.68426375,ER,2,2020-07-17T16:06:00Z,27.3634269168842,NA,C_C
0.8116125,ER,2,2020-07-17T16:09:15Z,8.76367549422201,NA,C_C
0.69883375,ER,2,2020-07-17T16:12:15Z,6.9081717542981,NA,C_C
436.90125,NEE,2,2020-07-17T16:15:45Z,0.599404109562463,NA,C_C
429.6175,NEE,2,2020-07-17T16:19:45Z,1.93407552640472,NA,C_C
385.5825,NEE,2,2020-07-17T16:23:15Z,3.67268795305491,NA,C_C
0.53111875,ER,2,2020-07-17T16:28:00Z,29.7987584710887,NA,W_C
0.54205,ER,2,2020-07-17T16:31:30Z,18.6337679131038,NA,W_C
0.767352857142857,ER,2,2020-07-17T16:35:15Z,38.6462944314662,NA,W_C
329.19125,NEE,2,2020-07-17T16:38:30Z,5.79552503057934,NA,W_C
296.2925,NEE,2,2020-07-17T16:42:00Z,11.0049114257723,NA,W_C
271.535,NEE,2,2020-07-17T16:45:45Z,3.42720953415397,NA,W_C
0.36369875,ER,2,2020-07-17T16:50:15Z,34.2755143028886,NA,C_C
0.30351625,ER,2,2020-07-17T16:54:00Z,28.7814640921224,NA,C_C
0.34344125,ER,2,2020-07-17T16:57:30Z,16.8284132522726,NA,C_C
0.33266125,ER,2,2020-07-17T17:01:30Z,15.4691014714271,NA,C_C
276.78375,NEE,2,2020-07-17T17:07:15Z,6.19707890142639,NA,C_C
336.42,NEE,2,2020-07-17T17:10:30Z,14.2619757045119,NA,C_C
241.561428571429,NEE,2,2020-07-17T17:14:15Z,19.108975936014,NA,C_C
0.47399875,ER,2,2020-07-17T17:31:30Z,39.877197795945,NA,W_C
0.34373625,ER,2,2020-07-17T17:35:00Z,22.0182909663932,NA,W_C
0.258055125,ER,2,2020-07-17T17:38:45Z,27.9789321877525,NA,W_C
215.6925,NEE,2,2020-07-17T17:42:30Z,18.9072684801888,NA,W_C
236.875,NEE,2,2020-07-17T17:46:15Z,7.71087906623351,NA,W_C
166.5375,NEE,2,2020-07-17T17:50:30Z,17.5728499202271,NA,W_C
0.36865125,ER,2,2020-07-17T17:55:15Z,8.31762485892244,NA,C_C
0.29026,ER,2,2020-07-17T17:58:45Z,10.6004940002338,NA,C_C
0.434805,ER,2,2020-07-17T18:02:00Z,12.5312217988742,NA,C_C
327.2125,NEE,2,2020-07-17T18:05:30Z,3.34971294543568,NA,C_C
318.5125,NEE,2,2020-07-17T18:09:00Z,1.32732447401454,NA,C_C
316.23875,NEE,2,2020-07-17T18:12:30Z,1.46296532038637,NA,C_C
0.46875625,ER,2,2020-07-17T18:22:15Z,46.5160089764309,NA,W_C
0.27772625,ER,2,2020-07-17T18:26:30Z,43.5947577024687,NA,W_C
0.28209875,ER,2,2020-07-17T18:29:30Z,41.5362918200427,NA,W_C
189.5875,NEE,2,2020-07-17T18:33:00Z,22.7461356822547,NA,W_C
180.805714285714,NEE,2,2020-07-17T18:36:00Z,12.0932505050445,NA,W_C
168.47,NEE,2,2020-07-17T18:39:15Z,24.2902238413717,NA,W_C
0.55385125,ER,2,2020-07-18T12:29:45Z,3.57856484522305,NA,W_C
0.41294875,ER,2,2020-07-18T12:33:30Z,4.05370095194324,NA,W_C
0.30715875,ER,2,2020-07-18T12:37:15Z,4.82326100998323,NA,W_C
176.18375,NEE,2,2020-07-18T12:40:30Z,-0.89661294741865,NA,W_C
169.31125,NEE,2,2020-07-18T12:44:00Z,-2.91006737233406,NA,W_C
288.4275,NEE,2,2020-07-18T12:47:30Z,-7.48620825889572,NA,W_C
0.27626875,ER,2,2020-07-18T12:53:00Z,7.96401811217205,NA,C_C
0.3094925,ER,2,2020-07-18T12:56:00Z,-2.23120850584558,NA,C_C
0.32625,ER,2,2020-07-18T12:59:15Z,4.7283271781029,NA,C_C
271.5125,NEE,2,2020-07-18T13:02:30Z,0,NA,C_C
320.6925,NEE,2,2020-07-18T13:06:15Z,3.83803370549064,NA,C_C
437.485,NEE,2,2020-07-18T13:09:30Z,-6.20218055634991,NA,C_C
0.5764375,ER,2,2020-07-18T13:14:15Z,7.24001663746132,NA,W_C
0.59231875,ER,2,2020-07-18T13:17:15Z,11.2036276720095,NA,W_C
0.731765,ER,2,2020-07-18T13:20:15Z,5.08920514722916,NA,W_C
252.1125,NEE,2,2020-07-18T13:25:15Z,-2.83522597532805,NA,W_C
402.47125,NEE,2,2020-07-18T13:28:30Z,-4.81329550226034,NA,W_C
441.915,NEE,2,2020-07-18T13:32:30Z,-6.84770639145104,NA,W_C
0.556035,ER,2,2020-07-18T14:53:00Z,7.15912573630072,NA,C_C
0.53526125,ER,2,2020-07-18T14:56:00Z,5.45686799303525,NA,C_C
0.38526,ER,2,2020-07-18T14:59:15Z,9.51047193896486,NA,C_C
333.05125,NEE,2,2020-07-18T15:02:15Z,0,NA,C_C
200.48125,NEE,2,2020-07-18T15:05:30Z,0.848629072884462,NA,C_C
406.25875,NEE,2,2020-07-18T15:08:45Z,-5.0871379133591,NA,C_C
0.47298125,ER,2,2020-07-18T15:14:15Z,4.33112858062724,NA,W_C
1.07928625,ER,2,2020-07-18T15:18:00Z,4.86859841411295,NA,W_C
0.8706325,ER,2,2020-07-18T15:21:15Z,3.9611958756728,NA,W_C
1096.38375,NEE,2,2020-07-18T15:24:45Z,-0.916021171462394,NA,W_C
892.39125,NEE,2,2020-07-18T15:28:15Z,-1.24781049522375,NA,W_C
632.4775,NEE,2,2020-07-18T15:31:30Z,2.04969019583071,NA,W_C
0.6669225,ER,2,2020-07-18T15:41:00Z,11.2142226335749,NA,C_C
0.75537125,ER,2,2020-07-18T15:44:15Z,6.36203569123605,NA,C_C
0.785235,ER,2,2020-07-18T15:47:30Z,0.803258029416092,NA,C_C
722.93375,NEE,2,2020-07-18T15:52:00Z,-2.04467433888268,NA,C_C
760.83125,NEE,2,2020-07-18T15:55:30Z,0.00805030783688927,NA,C_C
971.11375,NEE,2,2020-07-18T15:59:30Z,-5.45088279342523,NA,C_C
1.048985,ER,2,2020-07-18T16:03:30Z,5.0152681391835,NA,W_C
0.72214625,ER,2,2020-07-18T16:06:45Z,9.30602237546494,NA,W_C
0.5876575,ER,2,2020-07-18T16:10:00Z,-8.85826155956236,NA,W_C
542.96625,NEE,2,2020-07-18T16:13:15Z,-10.725315273681,NA,W_C
541.085,NEE,2,2020-07-18T16:17:00Z,-10.9955370256038,NA,W_C
204.60875,NEE,2,2020-07-18T16:20:45Z,4.20621558612199,NA,W_C
0.2786,ER,2,2020-07-18T16:24:45Z,8.88174128280522,NA,C_C
0.39939625,ER,2,2020-07-18T16:27:45Z,6.95346839295788,NA,C_C
0.38147625,ER,2,2020-07-18T16:31:15Z,14.3614523003774,NA,C_C
247.9325,NEE,2,2020-07-18T16:34:30Z,0.652166501934176,NA,C_C
249.67875,NEE,2,2020-07-18T16:38:15Z,0,NA,C_C
207.15,NEE,2,2020-07-18T16:41:15Z,1.11307777972168,NA,C_C
0.214635,ER,2,2020-07-18T16:47:00Z,-0.00743560233946299,NA,C_C
0.2490225,ER,2,2020-07-18T16:50:00Z,0,NA,C_C
0.3228975,ER,2,2020-07-18T16:53:30Z,7.25929637771947,NA,C_C
279.615,NEE,2,2020-07-18T16:57:15Z,-0.846053098282166,NA,C_C
418.03125,NEE,2,2020-07-18T17:01:00Z,-5.18687333837111,NA,C_C
372.815,NEE,2,2020-07-18T17:04:15Z,-3.99806652428938,NA,C_C
0.40915875,ER,2,2020-07-18T17:10:15Z,6.12298208205385,NA,W_C
0.31138625,ER,2,2020-07-18T17:14:00Z,7.63993776838419,NA,W_C
0.258055,ER,2,2020-07-18T17:17:45Z,7.49381804874736,NA,W_C
208.454285714286,NEE,2,2020-07-18T17:21:30Z,3.87399830910318,NA,W_C
208.3575,NEE,2,2020-07-18T17:25:00Z,3.47850838202838,NA,W_C
152.51,NEE,2,2020-07-18T17:28:30Z,4.42465655198624,NA,W_C
0.512408571428571,ER,2,2020-07-19T10:20:15Z,17.0231155630944,NA,W_C
1.67043857142857,ER,2,2020-07-19T10:24:15Z,25.8864651006809,NA,W_C
0.479958333333333,ER,2,2020-07-19T10:27:30Z,32.8134335856689,NA,W_C
403.78375,NEE,2,2020-07-19T10:30:45Z,-5.84863409638665,NA,W_C
887.2,NEE,2,2020-07-19T10:36:45Z,-20.9583725333051,NA,W_C
1001.5675,NEE,2,2020-07-19T10:40:30Z,-39.2642371224562,NA,W_C
0.87077375,ER,2,2020-07-19T10:58:30Z,23.6393522998033,NA,C_C
1.1983325,ER,2,2020-07-19T11:02:30Z,13.938204850706,NA,C_C
1.88228571428571,ER,2,2020-07-19T11:07:15Z,12.4642493608976,NA,C_C
1226.26375,NEE,2,2020-07-19T11:11:00Z,-38.5071081476729,NA,C_C
1330.5925,NEE,2,2020-07-19T11:14:30Z,-39.0976128711776,NA,C_C
1315.285,NEE,2,2020-07-19T11:18:00Z,-42.0533530053018,NA,C_C
0.765334285714286,ER,2,2020-07-19T11:32:15Z,44.7931980407953,NA,W_C
4.34687142857143,ER,2,2020-07-19T11:35:45Z,30.1655131630839,NA,W_C
1.4598,ER,2,2020-07-19T11:39:30Z,28.7340824505919,NA,W_C
1251.8075,NEE,2,2020-07-19T11:43:30Z,-27.4427084448947,NA,W_C
750.245,NEE,2,2020-07-19T11:47:00Z,-22.5698159953046,NA,W_C
1240.59625,NEE,2,2020-07-19T11:50:30Z,-37.1922911303251,NA,W_C
0.746045,ER,2,2020-07-19T12:56:15Z,24.4936848033438,NA,C_C
0.763862857142857,ER,2,2020-07-19T12:59:15Z,36.6857748630907,NA,C_C
0.805028,ER,2,2020-07-19T13:02:30Z,31.1146614496397,NA,C_C
490.8775,NEE,2,2020-07-19T13:05:30Z,-21.5365947453848,NA,C_C
503.1125,NEE,2,2020-07-19T13:08:45Z,-30.7826015618697,NA,C_C
523.34125,NEE,2,2020-07-19T13:12:00Z,-30.0375756474949,NA,C_C
2.143575,ER,2,2020-07-19T13:44:15Z,28.7749761431031,NA,C_C
1.53056625,ER,2,2020-07-19T13:47:45Z,31.4399961886724,NA,C_C
0.917568571428571,ER,2,2020-07-19T13:51:00Z,40.4995534636225,NA,C_C
817.61125,NEE,2,2020-07-19T13:54:00Z,6.24670727114325,NA,C_C
732.038571428572,NEE,2,2020-07-19T13:57:15Z,-1.0816568217176,NA,C_C
727.71375,NEE,2,2020-07-19T14:00:30Z,0,NA,C_C
0.8598475,ER,2,2020-07-19T14:12:00Z,30.1754732115567,NA,W_C
1.42505625,ER,2,2020-07-19T14:15:45Z,27.8876972755749,NA,W_C
0.807825714285714,ER,2,2020-07-19T14:19:45Z,32.7613262355899,NA,W_C
495.89,NEE,2,2020-07-19T14:23:30Z,-27.1721212932048,NA,W_C
531.81375,NEE,2,2020-07-19T14:27:15Z,-33.3216710965166,NA,W_C
532.02375,NEE,2,2020-07-19T14:30:45Z,-27.6077875036753,NA,W_C
0.526311666666667,ER,2,2020-07-19T14:40:45Z,23.5595398298889,NA,W_C
1.1853725,ER,2,2020-07-19T14:43:45Z,31.6657811612749,NA,W_C
0.59664,ER,2,2020-07-19T14:47:00Z,43.7845394998824,NA,W_C
762.21,NEE,2,2020-07-19T14:50:15Z,-26.2708049417295,NA,W_C
1518.9825,NEE,2,2020-07-19T14:53:30Z,-40.2339697066624,NA,W_C
1740.7275,NEE,2,2020-07-19T14:56:45Z,-50.4943569514354,NA,W_C
1.84632125,ER,2,2020-07-19T15:02:30Z,17.6797692374482,NA,C_C
0.6605125,ER,2,2020-07-19T15:05:45Z,31.9496071223079,NA,C_C
0.69592125,ER,2,2020-07-19T15:09:15Z,24.8212315775961,NA,C_C
411.60875,NEE,2,2020-07-19T15:12:45Z,-3.67023119080695,NA,C_C
360.6175,NEE,2,2020-07-19T15:16:00Z,3.41130544771267,NA,C_C
397.65,NEE,2,2020-07-19T15:19:30Z,0.469085311847909,NA,C_C
1.02165857142857,ER,2,2020-07-19T15:40:15Z,20.5001686136535,NA,C_C
0.884264285714286,ER,2,2020-07-19T15:43:45Z,12.7180047166706,NA,C_C
0.818152857142857,ER,2,2020-07-19T15:47:15Z,26.0705213777295,NA,C_C
482.20375,NEE,2,2020-07-19T15:51:30Z,15.0591010390913,NA,C_C
521.10375,NEE,2,2020-07-19T15:55:15Z,0,NA,C_C
728.1875,NEE,2,2020-07-19T15:59:00Z,6.09261437854909,NA,C_C
1.3667875,ER,2,2020-07-19T16:06:00Z,32.4108793863577,NA,W_C
1.8284,ER,2,2020-07-19T16:09:45Z,16.341074845595,NA,W_C
0.996664285714286,ER,2,2020-07-19T16:13:15Z,26.9182645477805,NA,W_C
542.14625,NEE,2,2020-07-19T16:16:45Z,-6.63400327480607,NA,W_C
535.17125,NEE,2,2020-07-19T16:20:15Z,-9.32644492668351,NA,W_C
435.7775,NEE,2,2020-07-19T16:24:00Z,-3.37472672818452,NA,W_C
0.56302875,ER,2,2020-07-20T09:54:30Z,25.5688775649297,NA,W_C
0.5787675,ER,2,2020-07-20T09:58:15Z,32.0026084353656,NA,W_C
1.67219125,ER,2,2020-07-20T10:02:15Z,29.8066483380412,NA,W_C
478.38375,NEE,2,2020-07-20T10:07:00Z,-17.8805366058984,NA,W_C
269.59625,NEE,2,2020-07-20T10:11:15Z,-10.5040259221451,NA,W_C
258.56,NEE,2,2020-07-20T10:14:45Z,-12.4146160857566,NA,W_C
1.1164475,ER,2,2020-07-20T10:23:15Z,30.0548065950997,NA,W_C
0.83959375,ER,2,2020-07-20T10:26:45Z,34.3018168800762,NA,W_C
0.318235714285714,ER,2,2020-07-20T10:30:15Z,36.0388080494674,NA,W_C
571.3275,NEE,2,2020-07-20T10:35:45Z,-13.5639632943872,NA,W_C
596.6025,NEE,2,2020-07-20T10:39:15Z,-31.9261740008409,NA,W_C
538.93,NEE,2,2020-07-20T10:43:00Z,-28.6218198174626,NA,W_C
1.11972857142857,ER,2,2020-07-20T10:51:30Z,19.7776162605345,NA,C_C
1.33356875,ER,2,2020-07-20T10:54:45Z,11.0685557660071,NA,C_C
0.67333375,ER,2,2020-07-20T10:59:00Z,16.9593223132278,NA,C_C
1347.2925,NEE,2,2020-07-20T11:02:45Z,-33.9518846562422,NA,C_C
906.39,NEE,2,2020-07-20T11:06:15Z,-40.1360761524199,NA,C_C
470.86375,NEE,2,2020-07-20T11:10:00Z,-18.9072060111103,NA,C_C
2.01927625,ER,2,2020-07-20T11:24:15Z,5.20884327717448,NA,W_C
1.16876,ER,2,2020-07-20T11:28:15Z,13.635671697654,NA,W_C
0.89875,ER,2,2020-07-20T11:32:00Z,5.35812884080114,NA,W_C
620.6025,NEE,2,2020-07-20T11:35:00Z,-14.0326234297432,NA,W_C
1003.81875,NEE,2,2020-07-20T11:39:30Z,-13.0899382763052,NA,W_C
675.445,NEE,2,2020-07-20T11:43:15Z,-7.75279569525891,NA,W_C
1.02464375,ER,2,2020-07-20T12:45:15Z,13.1822129093478,NA,C_C
2.0351625,ER,2,2020-07-20T12:48:30Z,11.7708868531513,NA,C_C
1.02748,ER,2,2020-07-20T12:52:15Z,26.282516843092,NA,C_C
709.005,NEE,2,2020-07-20T12:55:15Z,-24.6104432724934,NA,C_C
873.8575,NEE,2,2020-07-20T12:58:45Z,-11.7972209420466,NA,C_C
859.9925,NEE,2,2020-07-20T13:02:00Z,-37.9566215870233,NA,C_C
1.719525,ER,2,2020-07-20T13:14:45Z,20.0713958297524,NA,C_C
3.3142375,ER,2,2020-07-20T13:18:00Z,17.6184929933461,NA,C_C
1.91233333333333,ER,2,2020-07-20T13:21:45Z,20.0268455029101,NA,C_C
490.9325,NEE,2,2020-07-20T13:25:15Z,-7.9263419592469,NA,C_C
397.465,NEE,2,2020-07-20T13:29:00Z,-3.80969467974185,NA,C_C
457.08,NEE,2,2020-07-20T13:32:15Z,-9.86179924518131,NA,C_C
1.0587375,ER,2,2020-07-20T13:39:15Z,41.343791524437,NA,W_C
1.8903125,ER,2,2020-07-20T13:47:45Z,46.7954954913884,NA,W_C
0.98102,ER,2,2020-07-20T13:52:15Z,48.7359756305626,NA,W_C
489.265,NEE,2,2020-07-20T13:55:45Z,-6.34200881898634,NA,W_C
1122.27125,NEE,2,2020-07-20T13:59:15Z,-18.4404946490162,NA,W_C
1262.1375,NEE,2,2020-07-20T14:02:45Z,-28.2488993419805,NA,W_C
0.687595714285714,ER,2,2020-07-20T14:10:15Z,36.9762215581618,NA,C_C
1.72202625,ER,2,2020-07-20T14:13:30Z,21.3041068026811,NA,C_C
0.593505714285714,ER,2,2020-07-20T14:16:45Z,21.7108727961935,NA,C_C
450.171666666667,NEE,2,2020-07-20T14:20:00Z,-15.1462679283497,NA,C_C
407.445714285714,NEE,2,2020-07-20T14:23:00Z,0,NA,C_C
530.092857142857,NEE,2,2020-07-20T14:25:45Z,-19.4504907967955,NA,C_C
2.224425,ER,2,2020-07-20T15:27:00Z,7.79222098123549,NA,C_C
2.29001125,ER,2,2020-07-20T15:30:30Z,6.1008633805797,NA,C_C
1.40815625,ER,2,2020-07-20T15:34:00Z,8.46213846198182,NA,C_C
2.5169,ER,2,2020-07-20T15:39:15Z,10.3022818273005,NA,C_C
1541.82571428571,NEE,2,2020-07-20T15:42:45Z,-30.3530224374545,NA,C_C
819.517,NEE,2,2020-07-20T15:46:00Z,-11.7229240801356,NA,C_C
705.23,NEE,2,2020-07-20T15:49:15Z,-8.89388747137775,NA,C_C
1.55327625,ER,2,2020-07-20T15:57:00Z,5.35863345260596,NA,W_C
2.3469875,ER,2,2020-07-20T16:00:30Z,5.97342654533585,NA,W_C
2.1895,ER,2,2020-07-20T16:04:00Z,11.6208018192682,NA,W_C
1335.2275,NEE,2,2020-07-20T16:07:15Z,-4.838376582631,NA,W_C
1379.55,NEE,2,2020-07-20T16:10:30Z,-12.0206730734051,NA,W_C
458.698125,NEE,2,2020-07-20T16:14:00Z,-5.07710308334929,NA,W_C
0.51698625,ER,3,2020-08-04T12:46:30Z,19.4022338596836,NA,C_C
0.36661125,ER,3,2020-08-04T12:50:00Z,18.0746583927156,NA,C_C
0.2806425,ER,3,2020-08-04T12:56:00Z,30.3147210909851,NA,C_C
219.28875,NEE,3,2020-08-04T13:00:30Z,-3.25702115054648,NA,C_C
235.4225,NEE,3,2020-08-04T13:04:00Z,-4.22835201439245,NA,C_C
283.715,NEE,3,2020-08-04T13:08:00Z,-7.66904314794303,NA,C_C
0.7371575,ER,3,2020-08-04T14:27:00Z,53.9705975474804,NA,C_C
0.8059325,ER,3,2020-08-04T14:30:15Z,14.6448995706548,NA,C_C
0.7526025,ER,3,2020-08-04T14:33:45Z,15.2382173106536,NA,C_C
486.45875,NEE,3,2020-08-04T14:37:00Z,-11.0540402828214,NA,C_C
517.77125,NEE,3,2020-08-04T14:41:00Z,-15.2356927953272,NA,C_C
498.5475,NEE,3,2020-08-04T14:44:15Z,-12.1475049238952,NA,C_C
1.227045,ER,3,2020-08-04T14:52:45Z,16.4648340100992,NA,W_C
1.11148125,ER,3,2020-08-04T14:57:15Z,27.7633760875248,NA,W_C
0.70481,ER,3,2020-08-04T15:01:00Z,32.7609627445396,NA,W_C
534.545,NEE,3,2020-08-04T15:04:30Z,-13.7505395326022,NA,W_C
461.2775,NEE,3,2020-08-04T15:08:00Z,-11.4319054434087,NA,W_C
434.82,NEE,3,2020-08-04T15:11:30Z,-7.9402727341373,NA,W_C
1.16990875,ER,3,2020-08-04T15:19:45Z,52.3293145754772,NA,W_C
1.2075025,ER,3,2020-08-04T15:25:15Z,55.3965123775251,NA,W_C
0.62612375,ER,3,2020-08-04T15:29:00Z,54.5455769654217,NA,W_C
630.68625,NEE,3,2020-08-04T15:32:30Z,8.16180056560007,NA,W_C
501.54125,NEE,3,2020-08-04T15:36:00Z,0.00727899914271457,NA,W_C
583.5325,NEE,3,2020-08-04T15:40:00Z,-6.74467416154204,NA,W_C
0.74852125,ER,3,2020-08-04T15:52:15Z,7.88736650263545,NA,C_C
0.68324125,ER,3,2020-08-04T15:56:00Z,18.1112022099102,NA,C_C
0.6882,ER,3,2020-08-04T15:59:30Z,17.286576495001,NA,C_C
430.52,NEE,3,2020-08-04T16:03:15Z,-11.1035916655029,NA,C_C
386.3125,NEE,3,2020-08-04T16:07:00Z,-12.0888793273323,NA,C_C
384.01,NEE,3,2020-08-04T16:10:15Z,-14.1332216117825,NA,C_C
0.6218975,ER,3,2020-08-04T16:18:45Z,8.66345935915677,NA,W_C
0.6484175,ER,3,2020-08-04T16:22:00Z,10.9482790342427,NA,W_C
656.83,NEE,3,2020-08-04T16:25:30Z,-28.3198919604965,NA,W_C
542.231428571429,NEE,3,2020-08-04T16:28:50Z,-15.3079484661039,NA,W_C
1.2306875,ER,3,2020-08-04T16:35:00Z,40.6367497152293,NA,C_C
1.07536375,ER,3,2020-08-04T16:39:30Z,45.3087065419423,NA,C_C
994.94625,NEE,3,2020-08-04T16:44:00Z,-7.31342158166508,NA,C_C
1383.45,NEE,3,2020-08-04T16:48:00Z,5.7265036284223,NA,C_C
1.5895775,ER,3,2020-08-04T17:03:15Z,41.8954140258352,NA,W_C
1.03760625,ER,3,2020-08-04T17:06:45Z,37.1406829216647,NA,W_C
1333.62625,NEE,3,2020-08-04T17:10:30Z,-24.3466317074147,NA,W_C
1411.6625,NEE,3,2020-08-04T17:23:00Z,-28.7759808406219,NA,W_C
1.62279,ER,3,2020-08-04T17:28:45Z,24.2801414771026,NA,W_C
0.41279875,ER,3,2020-08-04T17:32:15Z,37.8902314753776,NA,W_C
464.15125,NEE,3,2020-08-04T17:36:15Z,-2.38513445763398,NA,W_C
1544.58125,NEE,3,2020-08-04T17:40:15Z,0,NA,W_C
0.9006525,ER,3,2020-08-04T17:48:15Z,8.06285213811213,NA,C_C
0.391965,ER,3,2020-08-04T17:52:15Z,28.1962172887994,NA,C_C
599.63375,NEE,3,2020-08-04T17:56:15Z,-5.9104052498993,NA,C_C
351.60375,NEE,3,2020-08-04T17:59:45Z,-9.1185211200774,NA,C_C
NA,ER,3,2020-08-06T11:20:15Z,25.9641002433054,NA,W_C
NA,ER,3,2020-08-06T11:24:15Z,31.0559648028502,NA,W_C
NA,ER,3,2020-08-06T11:28:00Z,11.7601394224741,NA,W_C
259.54375,NEE,3,2020-08-06T11:56:00Z,-7.91718908774577,NA,W_C
141.63,NEE,3,2020-08-06T12:00:00Z,19.3434378845516,NA,W_C
138.298571428571,NEE,3,2020-08-06T12:03:45Z,19.3864918960603,NA,W_C
0.275978,ER,3,2020-08-06T12:08:15Z,26.8358043809081,NA,C_C
0.3246475,ER,3,2020-08-06T12:12:15Z,23.4911563926738,NA,C_C
0.49629625,ER,3,2020-08-06T12:15:45Z,30.1877636904139,NA,C_C
351.05,NEE,3,2020-08-06T12:19:15Z,4.19035556157998,NA,C_C
272.46375,NEE,3,2020-08-06T12:26:15Z,-0.572022003984891,NA,C_C
273.8775,NEE,3,2020-08-06T12:31:00Z,-1.43798178441144,NA,C_C
0.5836375,ER,3,2020-08-06T12:40:15Z,10.0302339448254,NA,W_C
0.69388,ER,3,2020-08-06T12:44:15Z,32.4707274592777,NA,W_C
0.45899375,ER,3,2020-08-06T12:48:15Z,34.0372217764929,NA,W_C
481.19125,NEE,3,2020-08-06T12:52:00Z,-13.1493567970319,NA,W_C
891.8525,NEE,3,2020-08-06T12:56:00Z,-19.9840771183091,NA,W_C
1192.05,NEE,3,2020-08-06T12:59:45Z,-27.1727699049856,NA,W_C
0.73730125,ER,3,2020-08-06T14:14:45Z,9.78757388598339,NA,C_C
0.5828475,ER,3,2020-08-06T14:18:30Z,25.9684072713125,NA,C_C
0.49746,ER,3,2020-08-06T14:22:15Z,40.5709187064713,NA,C_C
363.10625,NEE,3,2020-08-06T14:25:45Z,-8.77268348954807,NA,C_C
464.21125,NEE,3,2020-08-06T14:29:15Z,-15.5712002866515,NA,C_C
487.62625,NEE,3,2020-08-06T14:32:30Z,-31.8039664316749,NA,C_C
0.5352,ER,3,2020-08-06T14:46:30Z,28.5698991844516,NA,C_C
0.47268875,ER,3,2020-08-06T14:50:15Z,47.3058327037881,NA,C_C
0.47924625,ER,3,2020-08-06T14:54:00Z,41.8715714239545,NA,C_C
370.54,NEE,3,2020-08-06T14:57:30Z,10.667481505888,NA,C_C
345.59875,NEE,3,2020-08-06T15:01:00Z,16.3753769659381,NA,C_C
254.39625,NEE,3,2020-08-06T15:04:15Z,33.9535041913613,NA,C_C
0.3720025,ER,3,2020-08-06T15:27:45Z,23.5373770880786,NA,W_C
0.49819125,ER,3,2020-08-06T15:31:15Z,NA,NA,W_C
0.54918875,ER,3,2020-08-06T15:35:00Z,38.366551120943,NA,W_C
352.85,NEE,3,2020-08-06T15:38:15Z,-14.1001330190825,NA,W_C
279.61,NEE,3,2020-08-06T15:48:45Z,-19.1463857285204,NA,W_C
301.3625,NEE,3,2020-08-06T15:53:00Z,-8.14353453427541,NA,W_C
0.50226875,ER,3,2020-08-06T16:05:00Z,15.4848994929162,NA,W_C
0.40566125,ER,3,2020-08-06T16:08:30Z,18.3647980791532,NA,W_C
0.504455,ER,3,2020-08-06T16:12:30Z,21.192662175952,NA,W_C
365.38875,NEE,3,2020-08-06T16:16:15Z,-21.0291759974137,NA,W_C
393.29875,NEE,3,2020-08-06T16:20:00Z,-20.0862680181631,NA,W_C
387.8775,NEE,3,2020-08-06T16:24:30Z,-27.6894538175323,NA,W_C
0.42169,ER,3,2020-08-06T16:31:00Z,22.8760949663372,NA,C_C
0.33674125,ER,3,2020-08-06T16:35:00Z,22.6383450500991,NA,C_C
0.55254,ER,3,2020-08-06T16:38:30Z,25.5497929502794,NA,C_C
319.905,NEE,3,2020-08-06T16:42:00Z,-13.3522554857236,NA,C_C
185.2125,NEE,3,2020-08-06T16:45:15Z,14.1136605333034,NA,C_C
322.25375,NEE,3,2020-08-06T16:49:00Z,-7.51865290714008,NA,C_C
0.8970075,ER,3,2020-08-06T17:12:45Z,44.1331803534882,NA,C_C
0.719567142857143,ER,3,2020-08-06T17:19:50Z,56.8133512824285,NA,C_C
0.7014575,ER,3,2020-08-06T17:24:15Z,56.7433243641432,NA,C_C
667.44875,NEE,3,2020-08-06T17:28:00Z,4.6665481518702,NA,C_C
612.4425,NEE,3,2020-08-06T17:31:30Z,5.16583318668683,NA,C_C
492.17,NEE,3,2020-08-06T17:35:15Z,10.9911406222908,NA,C_C
2.27576125,ER,3,2020-08-06T17:45:45Z,14.2012787609973,NA,W_C
2.56962625,ER,3,2020-08-06T17:49:45Z,5.05382393287573,NA,W_C
2.58244125,ER,3,2020-08-06T17:53:00Z,23.4580191525827,NA,W_C
1484.47571428571,NEE,3,2020-08-06T17:56:50Z,-46.8417564126006,NA,W_C
1400.32625,NEE,3,2020-08-06T18:00:45Z,-51.2536067419575,NA,W_C
1126.3925,NEE,3,2020-08-06T18:04:15Z,-28.2020796733021,NA,W_C
0.535635,ER,3,2020-08-07T09:55:30Z,23.3578790664537,NA,C_C
1.23884625,ER,3,2020-08-07T09:59:00Z,19.8313183753643,NA,C_C
0.433472857142857,ER,3,2020-08-07T10:02:30Z,22.4539209704714,NA,C_C
271.7975,NEE,3,2020-08-07T10:06:00Z,0.356826409302317,NA,C_C
284.84125,NEE,3,2020-08-07T10:09:15Z,0,NA,C_C
268.5375,NEE,3,2020-08-07T10:13:00Z,2.35266539744917,NA,C_C
0.30176625,ER,3,2020-08-07T10:20:30Z,31.7593757424237,NA,W_C
0.9271675,ER,3,2020-08-07T10:24:15Z,34.7571901976546,NA,W_C
0.351261666666667,ER,3,2020-08-07T10:27:45Z,31.7573599806903,NA,W_C
296.14125,NEE,3,2020-08-07T10:32:45Z,-9.80410674913,NA,W_C
308.244285714286,NEE,3,2020-08-07T10:36:30Z,-9.39850631034865,NA,W_C
312.41125,NEE,3,2020-08-07T10:40:15Z,-7.84965314258592,NA,W_C
0.80185125,ER,3,2020-08-07T10:49:00Z,6.8230663957728,NA,W_C
1.42055,ER,3,2020-08-07T10:52:45Z,6.45138390740228,NA,W_C
0.75274625,ER,3,2020-08-07T10:56:15Z,8.20146224991974,NA,W_C
429.69875,NEE,3,2020-08-07T11:00:15Z,-6.79228756009522,NA,W_C
413.25625,NEE,3,2020-08-07T11:04:15Z,0,NA,W_C
405.7025,NEE,3,2020-08-07T11:08:15Z,-10.9353095190849,NA,W_C
0.745877142857143,ER,3,2020-08-07T11:27:45Z,20.9478796649396,NA,C_C
0.89918875,ER,3,2020-08-07T11:31:45Z,23.7842087177934,NA,C_C
0.910231428571429,ER,3,2020-08-07T11:36:00Z,19.1414117622952,NA,C_C
1441.9275,NEE,3,2020-08-07T11:40:00Z,-29.0981356050579,NA,C_C
888.62375,NEE,3,2020-08-07T11:45:15Z,-32.6934735078292,NA,C_C
1204.3725,NEE,3,2020-08-07T11:49:15Z,-14.4231284906523,NA,C_C
0.78334625,ER,3,2020-08-07T12:02:15Z,14.6407795131743,NA,W_C
1.450705,ER,3,2020-08-07T12:06:30Z,29.251097432422,NA,W_C
0.671272857142857,ER,3,2020-08-07T12:10:15Z,16.7840099107674,NA,W_C
483.18375,NEE,3,2020-08-07T12:14:30Z,-7.26506397672656,NA,W_C
510.735,NEE,3,2020-08-07T12:19:15Z,0,NA,W_C
469.97375,NEE,3,2020-08-07T12:23:15Z,0.965762862728256,NA,W_C
1.6487275,ER,3,2020-08-07T13:26:30Z,11.8609713891176,NA,C_C
1.0827875,ER,3,2020-08-07T13:30:00Z,10.8569033037087,NA,C_C
0.528392857142857,ER,3,2020-08-07T13:33:00Z,14.8479078951077,NA,C_C
303.43875,NEE,3,2020-08-07T13:37:45Z,-1.34278518154859,NA,C_C
287.815,NEE,3,2020-08-07T13:41:00Z,-3.7823589004845,NA,C_C
235.641428571429,NEE,3,2020-08-07T13:44:15Z,2.22933557191363,NA,C_C
0.45855375,ER,3,2020-08-07T13:53:30Z,121.666688489302,NA,W_C
0.93634875,ER,3,2020-08-07T13:57:15Z,179.669321344015,NA,W_C
0.40233,ER,3,2020-08-07T14:00:45Z,182.616964863066,NA,W_C
375.554285714286,NEE,3,2020-08-07T14:04:30Z,124.458775100917,NA,W_C
351.14125,NEE,3,2020-08-07T14:08:00Z,172.859051313469,NA,W_C
355.9725,NEE,3,2020-08-07T14:11:15Z,194.144114183693,NA,W_C
1.06224375,ER,3,2020-08-07T14:19:45Z,49.7742532299135,NA,C_C
1.73412,ER,3,2020-08-07T14:23:45Z,31.1078548530227,NA,C_C
0.506493333333333,ER,3,2020-08-07T14:27:15Z,58.6234349277592,NA,C_C
562.52,NEE,3,2020-08-07T14:30:45Z,44.0468043270621,NA,C_C
404.71875,NEE,3,2020-08-07T14:34:45Z,20.0729262303144,NA,C_C
412.3475,NEE,3,2020-08-07T14:38:00Z,14.8603844146098,NA,C_C
1.7185325,ER,3,2020-08-07T14:45:45Z,21.1743203157992,NA,C_C
0.5486075,ER,3,2020-08-07T14:49:00Z,29.3792859618665,NA,C_C
0.276102857142857,ER,3,2020-08-07T14:53:00Z,5.52713812281559,NA,C_C
157.578333333333,NEE,3,2020-08-07T14:57:00Z,0,NA,C_C
159.173125,NEE,3,2020-08-07T15:01:00Z,-1.16278963330863,NA,C_C
238.12125,NEE,3,2020-08-07T15:04:15Z,0,NA,C_C
0.60747375,ER,3,2020-08-07T15:12:00Z,10.2240480609522,NA,W_C
0.53228125,ER,3,2020-08-07T15:15:30Z,13.0295563492882,NA,W_C
0.395558333333333,ER,3,2020-08-07T15:19:00Z,9.71735168249961,NA,W_C
258.37125,NEE,3,2020-08-07T15:22:45Z,0,NA,W_C
295.22875,NEE,3,2020-08-07T15:26:00Z,-3.47930868232063,NA,W_C
326.8825,NEE,3,2020-08-07T15:29:45Z,-10.9474272536148,NA,W_C
0.4946075,ER,3,2020-08-08T10:25:00Z,28.3978643467523,NA,W_C
0.56726,ER,3,2020-08-08T10:29:45Z,31.7046563367044,NA,W_C
1.15431875,ER,3,2020-08-08T10:34:00Z,19.8165839809823,NA,W_C
739.8025,NEE,3,2020-08-08T10:38:30Z,-13.6104474445194,NA,W_C
1267.9,NEE,3,2020-08-08T10:43:00Z,-39.7499742026217,NA,W_C
1280.5125,NEE,3,2020-08-08T10:47:30Z,-21.3120321497723,NA,W_C
1.3632875,ER,3,2020-08-08T10:54:30Z,63.6597308960378,NA,W_C
1.88229875,ER,3,2020-08-08T10:59:15Z,41.3692941584012,NA,W_C
2.26876,ER,3,2020-08-08T11:03:45Z,53.2777464866491,NA,W_C
510.15,NEE,3,2020-08-08T11:08:00Z,107.997696028784,NA,W_C
738.0625,NEE,3,2020-08-08T11:11:45Z,38.560724728372,NA,W_C
601.26125,NEE,3,2020-08-08T11:15:30Z,19.8539840327962,NA,W_C
1.2827125,ER,3,2020-08-08T11:22:15Z,25.7118095318862,NA,C_C
1.96402857142857,ER,3,2020-08-08T11:26:00Z,32.756002935711,NA,C_C
0.740048571428571,ER,3,2020-08-08T11:29:30Z,39.1547902421691,NA,C_C
447.59625,NEE,3,2020-08-08T11:33:30Z,-6.65031017465763,NA,C_C
411.8775,NEE,3,2020-08-08T11:38:30Z,-12.8534837881034,NA,C_C
412.007625,NEE,3,2020-08-08T11:42:00Z,-14.1730825698062,NA,C_C
0.85751875,ER,3,2020-08-08T11:52:30Z,38.0988532366922,NA,W_C
1.370425,ER,3,2020-08-08T11:56:00Z,39.5878426787814,NA,W_C
0.518734285714286,ER,3,2020-08-08T11:59:30Z,40.3718930460926,NA,W_C
448.7895,NEE,3,2020-08-08T12:03:30Z,-23.098826832727,NA,W_C
455.58375,NEE,3,2020-08-08T12:06:45Z,-13.2860759573201,NA,W_C
589.358571428571,NEE,3,2020-08-08T12:10:20Z,-10.9051492411174,NA,W_C
0.58751,ER,3,2020-08-08T12:16:15Z,30.4299012159552,NA,C_C
0.96665625,ER,3,2020-08-08T12:20:30Z,30.4803850827573,NA,C_C
0.6127175,ER,3,2020-08-08T12:24:15Z,31.6936541854697,NA,C_C
551.6625,NEE,3,2020-08-08T12:28:00Z,-27.4903069474599,NA,C_C
1139.04,NEE,3,2020-08-08T12:32:00Z,-37.0191320019855,NA,C_C
1048.68,NEE,3,2020-08-08T12:35:15Z,-34.2280545661564,NA,C_C
1040.1975,NEE,3,2020-08-08T13:07:45Z,-6.2811470692984,NA,W_C
1.21392,ER,3,2020-08-08T13:17:15Z,30.9634309774413,NA,W_C
0.4839075,ER,3,2020-08-08T13:21:00Z,27.1203145652337,NA,W_C
0.43771875,ER,3,2020-08-08T13:25:00Z,33.8493823262569,NA,W_C
378.3625,NEE,3,2020-08-08T13:29:15Z,4.59014789513324,NA,W_C
422.1275,NEE,3,2020-08-08T13:34:15Z,-0.736045791897444,NA,W_C
1.68392714285714,ER,3,2020-08-08T13:42:15Z,46.5514136714588,NA,C_C
0.517735714285714,ER,3,2020-08-08T13:46:00Z,40.9283024794795,NA,C_C
0.605828571428571,ER,3,2020-08-08T13:49:30Z,43.2718631227213,NA,C_C
504.0175,NEE,3,2020-08-08T13:53:45Z,-10.7644851292764,NA,C_C
408.27125,NEE,3,2020-08-08T13:58:30Z,6.43077375478501,NA,C_C
573.255714285714,NEE,3,2020-08-08T14:04:00Z,-8.81409664833647,NA,C_C
3.0962375,ER,3,2020-08-08T14:10:30Z,50.0982157950677,NA,C_C
1.7279875,ER,3,2020-08-08T14:14:00Z,16.3328362130672,NA,C_C
1.62047142857143,ER,3,2020-08-08T14:17:30Z,36.2666707847986,NA,C_C
1126.93625,NEE,3,2020-08-08T14:21:00Z,-12.4960988876077,NA,C_C
930.63625,NEE,3,2020-08-08T14:25:00Z,-19.0676323625993,NA,C_C
1097.55,NEE,3,2020-08-08T14:28:15Z,-17.2442512728973,NA,C_C
3.33302,ER,3,2020-08-08T15:49:00Z,66.4567322712249,NA,W_C
2.8463175,ER,3,2020-08-08T15:52:45Z,104.745605024411,NA,W_C
0.96694625,ER,3,2020-08-08T15:57:15Z,92.6001890876576,NA,W_C
801.9125,NEE,3,2020-08-08T16:01:00Z,71.3427046161381,NA,W_C
483.25375,NEE,3,2020-08-08T16:04:15Z,53.4861203223403,NA,W_C
690.03375,NEE,3,2020-08-08T16:08:15Z,49.9463624467504,NA,W_C
2.605045,ER,3,2020-08-08T16:13:30Z,26.1805646030244,NA,C_C
0.75114,ER,3,2020-08-08T16:17:15Z,36.3050394314608,NA,C_C
1.34269,ER,3,2020-08-08T16:20:45Z,37.9119445140638,NA,C_C
978.58125,NEE,3,2020-08-08T16:24:15Z,16.5965222056313,NA,C_C
1289.87625,NEE,3,2020-08-08T16:27:45Z,-0.858464523515105,NA,C_C
1158.2625,NEE,3,2020-08-08T16:31:00Z,0.48895969825431,NA,C_C
0.094129625,ER,4,2020-08-22T10:56:45Z,22.5267166585019,NA,C_C
0.11861025,ER,4,2020-08-22T11:00:15Z,29.8826873889073,NA,C_C
0.13099625,ER,4,2020-08-22T11:03:30Z,26.3297617638888,NA,C_C
81.85225,NEE,4,2020-08-22T11:07:00Z,13.4478082105579,NA,C_C
87.108,NEE,4,2020-08-22T11:10:15Z,13.0862192544881,NA,C_C
88.32475,NEE,4,2020-08-22T11:14:45Z,23.562478488578,NA,C_C
0.2184225,ER,4,2020-08-22T11:19:45Z,67.1697012394733,NA,W_C
0.25208125,ER,4,2020-08-22T11:22:45Z,48.810651994395,NA,W_C
0.3236275,ER,4,2020-08-22T11:25:45Z,65.6940985621549,NA,W_C
234.022857142857,NEE,4,2020-08-22T11:29:10Z,38.2693937787022,NA,W_C
328.713333333333,NEE,4,2020-08-22T11:32:20Z,25.3413611202223,NA,W_C
163.792857142857,NEE,4,2020-08-22T11:35:30Z,26.6172929173576,NA,W_C
0.599605,ER,4,2020-08-22T11:41:30Z,15.363159404029,NA,W_C
0.48274375,ER,4,2020-08-22T11:44:45Z,20.2735881168414,NA,W_C
0.5918825,ER,4,2020-08-22T11:48:00Z,13.3071477468556,NA,W_C
432.69125,NEE,4,2020-08-22T11:51:15Z,-8.34678155677629,NA,W_C
478.7375,NEE,4,2020-08-22T11:54:15Z,-14.2954300643545,NA,W_C
286.0125,NEE,4,2020-08-22T12:00:15Z,3.67103686455456,NA,W_C
0.5403,ER,4,2020-08-22T12:05:15Z,21.7622093569867,NA,W_C
0.40843,ER,4,2020-08-22T12:08:45Z,7.45094870706742,NA,W_C
0.43597,ER,4,2020-08-22T12:12:45Z,0,NA,W_C
319.735,NEE,4,2020-08-22T12:16:15Z,-12.6714325264363,NA,W_C
209.28625,NEE,4,2020-08-22T12:19:45Z,-9.45277687660448,NA,W_C
260.495,NEE,4,2020-08-22T12:22:30Z,-11.0002441778791,NA,W_C
0.4712325,ER,4,2020-08-22T12:26:15Z,15.3456598182535,NA,C_C
0.87471,ER,4,2020-08-22T12:29:45Z,39.3671885068345,NA,C_C
754.5425,NEE,4,2020-08-22T12:33:15Z,-26.6442101452633,NA,C_C
1593.9675,NEE,4,2020-08-22T12:36:45Z,-14.4898130312062,NA,C_C
1.8829,ER,4,2020-08-22T12:43:30Z,21.5125225467733,NA,W_C
1.4915125,ER,4,2020-08-22T12:47:15Z,25.2437978404443,NA,W_C
1174.98125,NEE,4,2020-08-22T12:50:45Z,-15.8148388526142,NA,W_C
570.01,NEE,4,2020-08-22T12:54:00Z,-10.0722916725959,NA,W_C
0.68543,ER,4,2020-08-22T12:58:30Z,22.4355567775297,NA,C_C
0.66444625,ER,4,2020-08-22T13:01:45Z,32.2684956020034,NA,C_C
358.168571428571,NEE,4,2020-08-22T13:04:50Z,-18.4328109775247,NA,C_C
315.788,NEE,4,2020-08-22T13:07:45Z,-23.0435642106755,NA,C_C
0.43655375,ER,4,2020-08-22T13:11:15Z,11.9239639518964,NA,C_C
0.2717525,ER,4,2020-08-22T13:14:15Z,15.3046899058264,NA,C_C
212.87925,NEE,4,2020-08-22T13:17:15Z,-5.69296939864439,NA,C_C
258.93625,NEE,4,2020-08-22T13:20:45Z,-12.6640409697864,NA,C_C
0.20749375,ER,4,2020-08-22T14:26:00Z,67.3195403242735,NA,W_C
0.120214375,ER,4,2020-08-22T14:29:45Z,74.2941895217003,NA,W_C
190.15875,NEE,4,2020-08-22T14:33:00Z,21.6031265404873,NA,W_C
212.847142857143,NEE,4,2020-08-22T14:36:00Z,24.9146263314711,NA,W_C
0.10389175,ER,4,2020-08-22T14:41:15Z,7.32420929995989,NA,C_C
0.120067875,ER,4,2020-08-22T14:44:30Z,0,NA,C_C
295.9505,NEE,4,2020-08-22T14:47:15Z,-4.86849490656133,NA,C_C
421.25375,NEE,4,2020-08-22T14:50:30Z,-15.6521145839799,NA,C_C
347.68625,NEE,4,2020-08-22T14:53:15Z,-11.1699329456413,NA,C_C
0.19671125,ER,4,2020-08-22T14:56:30Z,11.0927460262842,NA,C_C
0.15372625,ER,4,2020-08-23T11:14:30Z,11.8224354399655,NA,C_C
0.11963125,ER,4,2020-08-23T11:18:00Z,14.1779921371584,NA,C_C
0.101997875,ER,4,2020-08-23T11:21:15Z,13.8947782120026,NA,C_C
206.17875,NEE,4,2020-08-23T11:25:00Z,-2.52257937807714,NA,C_C
232.385714285714,NEE,4,2020-08-23T11:28:30Z,-5.71249053413101,NA,C_C
330.7825,NEE,4,2020-08-23T11:31:45Z,-7.18840731813418,NA,C_C
0.28253625,ER,4,2020-08-23T11:39:30Z,24.2748836669755,NA,W_C
0.28472,ER,4,2020-08-23T11:43:00Z,13.2514355919538,NA,W_C
0.25223,ER,4,2020-08-23T11:46:15Z,11.188284391335,NA,W_C
363.3075,NEE,4,2020-08-23T11:49:30Z,-15.1828746488073,NA,W_C
368.97875,NEE,4,2020-08-23T11:52:45Z,-16.8659488668378,NA,W_C
131.4698,NEE,4,2020-08-23T11:56:00Z,-30.0467720314926,NA,W_C
0.35102,ER,4,2020-08-23T12:02:00Z,6.52156555910269,NA,W_C
0.341695,ER,4,2020-08-23T12:05:15Z,4.68379183498832,NA,W_C
0.19569,ER,4,2020-08-23T12:08:15Z,13.4729140726317,NA,W_C
101.62,NEE,4,2020-08-23T12:11:45Z,2.99499436930946,NA,W_C
126.102625,NEE,4,2020-08-23T12:14:45Z,-3.12883434159127,NA,W_C
333.464285714286,NEE,4,2020-08-23T12:18:10Z,-14.2415182542228,NA,W_C
0.207639125,ER,4,2020-08-24T12:05:15Z,-3.03892569189851,NA,C_C
0.1795175,ER,4,2020-08-24T12:08:45Z,4.78682803385635,NA,C_C
0.225126375,ER,4,2020-08-24T12:12:00Z,2.49080748564733,NA,C_C
211.31625,NEE,4,2020-08-24T12:17:30Z,-9.58406803437455,NA,C_C
182.6075,NEE,4,2020-08-24T12:21:00Z,-4.29116770965152,NA,C_C
219.93,NEE,4,2020-08-24T12:24:00Z,-10.6340524244839,NA,C_C
0.1726675,ER,4,2020-08-24T12:30:30Z,18.8675301051728,NA,W_C
0.19743875,ER,4,2020-08-24T12:33:45Z,14.1499700976161,NA,W_C
0.24829375,ER,4,2020-08-24T12:36:45Z,15.4068007859222,NA,W_C
250.884285714286,NEE,4,2020-08-24T12:40:10Z,-6.7990308909234,NA,W_C
231.93375,NEE,4,2020-08-24T12:43:30Z,-11.6946145316712,NA,W_C
203.538571428571,NEE,4,2020-08-24T12:47:00Z,-6.88646483838575,NA,W_C
0.251205,ER,4,2020-08-24T12:53:15Z,33.3257669416396,NA,W_C
0.2955025,ER,4,2020-08-24T12:56:30Z,34.6945278582237,NA,W_C
0.27146,ER,4,2020-08-24T13:00:30Z,37.9827130402931,NA,W_C
321.018571428571,NEE,4,2020-08-24T13:04:50Z,19.9728353115248,NA,W_C
404.444285714286,NEE,4,2020-08-24T13:09:05Z,14.6360055747376,NA,W_C
383.197142857143,NEE,4,2020-08-24T13:12:50Z,19.215415293445,NA,W_C
0.546045714285714,ER,4,2020-08-24T13:18:20Z,6.2000837172288,NA,C_C
0.362865714285714,ER,4,2020-08-24T13:22:05Z,0.653891107184506,NA,C_C
0.575355714285714,ER,4,2020-08-24T13:26:05Z,7.97974741959234,NA,C_C
485.23,NEE,4,2020-08-24T13:30:20Z,-16.20338736379,NA,C_C
435.271428571429,NEE,4,2020-08-24T13:33:50Z,-2.41342628065638,NA,C_C
385.294285714286,NEE,4,2020-08-24T13:37:20Z,-2.86556643059971,NA,C_C
0.24846,ER,4,2020-08-24T13:43:20Z,12.7415070142372,NA,W_C
0.3650075,ER,4,2020-08-24T13:50:30Z,15.1793432392581,NA,W_C
0.42824625,ER,4,2020-08-24T13:54:00Z,12.3839897975129,NA,W_C
403.397142857143,NEE,4,2020-08-24T13:57:20Z,-18.3644563081195,NA,W_C
234.247142857143,NEE,4,2020-08-24T14:01:20Z,-6.86204727795584,NA,W_C
312.565,NEE,4,2020-08-24T14:04:45Z,-11.5263438695509,NA,W_C
0.47589375,ER,4,2020-08-24T14:09:30Z,27.2900948598572,NA,C_C
0.57241625,ER,4,2020-08-24T14:12:45Z,17.8028923672636,NA,C_C
0.65897,ER,4,2020-08-24T14:15:45Z,15.8560357596531,NA,C_C
283.0625,NEE,4,2020-08-24T14:19:00Z,0,NA,C_C
366.061428571429,NEE,4,2020-08-24T14:22:10Z,-6.36095288330416,NA,C_C
304.12125,NEE,4,2020-08-24T14:28:15Z,20.8351807951013,NA,C_C
2.3509075,ER,4,2020-08-24T14:34:30Z,22.5507562274432,NA,W_C
1.872975,ER,4,2020-08-24T14:38:00Z,24.0206668475748,NA,W_C
1.14387,ER,4,2020-08-24T14:41:40Z,23.1828941450868,NA,W_C
333.71,NEE,4,2020-08-24T14:45:15Z,-6.40875341156888,NA,W_C
249.714625,NEE,4,2020-08-24T14:48:45Z,-11.076123909838,NA,W_C
347.0125,NEE,4,2020-08-24T14:52:30Z,-9.77758566077593,NA,W_C
0.3160505,ER,4,2020-08-24T14:57:30Z,7.25461273979319,NA,C_C
0.488865,ER,4,2020-08-24T15:01:00Z,7.06423531276541,NA,C_C
0.929495,ER,4,2020-08-24T15:05:15Z,15.5691354203936,NA,C_C
491.4625,NEE,4,2020-08-24T15:09:00Z,-8.60841590819365,NA,C_C
502.67625,NEE,4,2020-08-24T15:12:30Z,0,NA,C_C
572.2975,NEE,4,2020-08-24T15:21:30Z,-8.15307969124021,NA,C_C
0.524064285714286,ER,4,2020-08-24T15:26:20Z,23.7418899698397,NA,W_C
0.50372625,ER,4,2020-08-24T15:29:45Z,35.8178943287955,NA,W_C
0.49396375,ER,4,2020-08-24T15:33:30Z,16.8148412927767,NA,W_C
635.82875,NEE,4,2020-08-24T15:36:45Z,1.91769856496412,NA,W_C
288.37,NEE,4,2020-08-24T15:40:15Z,9.15037519542509,NA,W_C
306.727142857143,NEE,4,2020-08-24T15:43:20Z,4.1018853793562,NA,W_C
0.3494175,ER,4,2020-08-24T15:53:00Z,11.6669684595087,NA,C_C
0.253975,ER,4,2020-08-24T15:57:15Z,21.0049678788456,NA,C_C
0.35611875,ER,4,2020-08-24T16:00:30Z,10.4253653730612,NA,C_C
481.4475,NEE,4,2020-08-24T16:04:15Z,-20.769607909509,NA,C_C
336.59125,NEE,4,2020-08-24T16:07:15Z,0,NA,C_C
253.214285714286,NEE,4,2020-08-24T16:11:00Z,-10.0276020807088,NA,C_C
0.7674625,ER,4,2020-08-25T12:11:45Z,27.2177109646229,NA,W_C
0.58984,ER,4,2020-08-25T12:15:30Z,33.167302420218,NA,W_C
0.65060375,ER,4,2020-08-25T12:18:30Z,30.1156212864432,NA,W_C
399.1775,NEE,4,2020-08-25T12:22:15Z,0,NA,W_C
570.65,NEE,4,2020-08-25T12:25:45Z,-20.1593263765751,NA,W_C
597.245,NEE,4,2020-08-25T12:29:00Z,-27.6009351305091,NA,W_C
1.237825,ER,4,2020-08-25T12:33:45Z,26.1260630690438,NA,C_C
0.77999625,ER,4,2020-08-25T12:37:15Z,25.1322489204519,NA,C_C
1.03136125,ER,4,2020-08-25T12:41:00Z,25.3520991267687,NA,C_C
523.59,NEE,4,2020-08-25T12:45:15Z,-23.9059324828249,NA,C_C
465.94125,NEE,4,2020-08-25T12:48:45Z,-25.234008653728,NA,C_C
1226.06625,NEE,4,2020-08-25T12:52:30Z,-31.7340418720535,NA,C_C
0.39866575,ER,4,2020-08-25T13:00:15Z,19.5477649033396,NA,W_C
2.1665975,ER,4,2020-08-25T13:04:30Z,14.8318392114768,NA,W_C
0.991504285714286,ER,4,2020-08-25T13:07:40Z,23.5270589764849,NA,W_C
577.14875,NEE,4,2020-08-25T13:11:00Z,-32.2639904267402,NA,W_C
561.132857142857,NEE,4,2020-08-25T13:14:20Z,-32.4764872790661,NA,W_C
508.942857142857,NEE,4,2020-08-25T13:17:40Z,-16.2859884176916,NA,W_C
0.81321875,ER,4,2020-08-25T13:30:45Z,17.3825817180145,NA,C_C
0.810324285714286,ER,4,2020-08-25T13:34:20Z,24.0938383650048,NA,C_C
0.5931925,ER,4,2020-08-25T13:37:45Z,8.76017789230427,NA,C_C
272.31625,NEE,4,2020-08-25T13:41:30Z,-3.24198795905334,NA,C_C
313.4425,NEE,4,2020-08-25T13:44:45Z,-11.2162347231086,NA,C_C
369.19125,NEE,4,2020-08-25T13:48:15Z,-10.7926760955527,NA,C_C
0.268695,ER,4,2020-08-25T14:02:30Z,29.398302508349,NA,C_C
1.150835,ER,4,2020-08-25T14:06:30Z,8.53985899654006,NA,C_C
0.958195,ER,4,2020-08-25T14:09:45Z,28.0380334271618,NA,C_C
431.8025,NEE,4,2020-08-25T14:13:00Z,-1.48804667788499,NA,C_C
575.152857142857,NEE,4,2020-08-25T14:17:10Z,-5.94077242725178,NA,C_C
711.3075,NEE,4,2020-08-25T14:20:30Z,-0.375247006975192,NA,C_C
2.8523,ER,4,2020-08-25T14:26:20Z,11.2708289497448,NA,W_C
2.61665,ER,4,2020-08-25T14:30:10Z,15.1861673947982,NA,W_C
1.5814125,ER,4,2020-08-25T14:33:15Z,17.8947750742488,NA,W_C
564.15125,NEE,4,2020-08-25T14:36:30Z,-23.9848927369909,NA,W_C
1234.3775,NEE,4,2020-08-25T14:48:15Z,-57.3669907650983,NA,W_C
1672.94285714286,NEE,4,2020-08-25T14:51:50Z,-44.0086280280146,NA,W_C
0.86348875,ER,4,2020-08-25T14:57:15Z,30.461011837086,NA,W_C
0.74066875,ER,4,2020-08-25T15:00:45Z,40.0694074641443,NA,W_C
0.90615125,ER,4,2020-08-25T15:04:15Z,42.8968176950647,NA,W_C
956.78125,NEE,4,2020-08-25T15:08:00Z,0,NA,W_C
429.774285714286,NEE,4,2020-08-25T15:11:10Z,-2.00341165602037,NA,W_C
567.227142857143,NEE,4,2020-08-25T15:14:20Z,-12.4724067714551,NA,W_C
0.7033525,ER,4,2020-08-25T15:17:45Z,17.2792571249492,NA,C_C
0.888265,ER,4,2020-08-25T15:21:00Z,13.9126478675027,NA,C_C
1.1281,ER,4,2020-08-25T15:24:15Z,11.6676325641466,NA,C_C
801.0525,NEE,4,2020-08-25T15:27:30Z,-20.2195623929019,NA,C_C
1146.08125,NEE,4,2020-08-25T15:31:00Z,-34.3588074358555,NA,C_C
919.531428571429,NEE,4,2020-08-25T15:34:10Z,-19.4892081105456,NA,C_C
1.28489125,ER,4,2020-08-25T15:51:15Z,13.0579460055013,NA,C_C
0.62962,ER,4,2020-08-25T15:55:30Z,16.9319068405738,NA,C_C
0.673335,ER,4,2020-08-25T15:59:45Z,9.97572875807158,NA,C_C
575.652857142857,NEE,4,2020-08-25T16:03:40Z,-13.8632136366474,NA,C_C
405.26875,NEE,4,2020-08-25T16:07:00Z,0,NA,C_C
415.82,NEE,4,2020-08-25T16:10:20Z,-10.6369738797672,NA,C_C
0.32173125,ER,4,2020-08-25T16:14:15Z,15.6848437250614,NA,W_C
0.362532857142857,ER,4,2020-08-25T16:17:40Z,26.7506887868197,NA,W_C
0.349208571428571,ER,4,2020-08-25T16:21:10Z,24.3660161839465,NA,W_C
263.33625,NEE,4,2020-08-25T16:24:30Z,-5.90881289896754,NA,W_C
425.862857142857,NEE,4,2020-08-25T16:27:50Z,-12.0828777025832,NA,W_C
336.901428571429,NEE,4,2020-08-25T16:31:10Z,-5.54311403023671,NA,W_C
1.92007142857143,ER,4,2020-08-26T10:21:40Z,21.8648091001659,NA,W_C
1.79684714285714,ER,4,2020-08-26T10:25:10Z,10.9229722372207,NA,W_C
1.7583125,ER,4,2020-08-26T10:29:00Z,15.6696970542117,NA,W_C
1382.44625,NEE,4,2020-08-26T10:32:30Z,-20.3698676832583,NA,W_C
1465.64285714286,NEE,4,2020-08-26T10:35:40Z,-4.61319693514031,NA,W_C
1434.15,NEE,4,2020-08-26T10:39:00Z,-23.2913822020793,NA,W_C
1.2021125,ER,4,2020-08-26T11:17:45Z,22.2055469944567,NA,C_C
1.22995,ER,4,2020-08-26T11:21:30Z,20.1711600414541,NA,C_C
1.247,ER,4,2020-08-26T11:25:00Z,10.6971033599312,NA,C_C
1436.63375,NEE,4,2020-08-26T11:28:45Z,-23.8518242155802,NA,C_C
1568.4,NEE,4,2020-08-26T11:32:00Z,-29.3998264544561,NA,C_C
1553.8,NEE,4,2020-08-26T11:35:10Z,-31.253915441455,NA,C_C
1.39767875,ER,4,2020-08-26T11:40:45Z,18.2497659769832,NA,C_C
1.193,ER,4,2020-08-26T11:44:10Z,19.6984373046718,NA,C_C
1.371875,ER,4,2020-08-26T11:47:30Z,0,NA,C_C
1666.5625,NEE,4,2020-08-26T11:50:30Z,-20.9582996827811,NA,C_C
1705.8625,NEE,4,2020-08-26T11:53:30Z,-27.7954557715197,NA,C_C
1624.625,NEE,4,2020-08-26T11:56:45Z,-23.872108346808,NA,C_C
1.61625125,ER,4,2020-08-26T12:03:45Z,24.8178712483971,NA,W_C
1.90474285714286,ER,4,2020-08-26T12:07:20Z,61.46856110584,NA,W_C
1.8837625,ER,4,2020-08-26T12:10:45Z,62.9363678429313,NA,W_C
1577.54285714286,NEE,4,2020-08-26T12:14:20Z,0,NA,W_C
1342.439625,NEE,4,2020-08-26T12:18:00Z,15.663143190068,NA,W_C
1277.80875,NEE,4,2020-08-26T12:22:00Z,0.968985058967062,NA,W_C
2.248035,ER,4,2020-08-26T12:26:00Z,21.1910525511291,NA,C_C
3.09772857142857,ER,4,2020-08-26T12:29:10Z,22.7085319419122,NA,C_C
2.5476475,ER,4,2020-08-26T12:32:30Z,28.7718028830805,NA,C_C
1438.6675,NEE,4,2020-08-26T12:35:44Z,-25.5117501711397,NA,C_C
1641.21428571429,NEE,4,2020-08-26T12:39:10Z,-35.25418996366,NA,C_C
1530.8175,NEE,4,2020-08-26T12:42:15Z,-36.9371614435997,NA,C_C
2.84065,ER,4,2020-08-26T12:48:15Z,25.0273365433765,NA,C_C
2.887875,ER,4,2020-08-26T12:51:15Z,25.679412040417,NA,C_C
2.4032225,ER,4,2020-08-26T12:54:45Z,26.5893343223094,NA,C_C
1766.48571428571,NEE,4,2020-08-26T12:57:50Z,-19.0489989393219,NA,C_C
1493.905,NEE,4,2020-08-26T13:01:45Z,-15.0821802044014,NA,C_C
1673.2,NEE,4,2020-08-26T13:04:45Z,-8.48664565667056,NA,C_C
1.543247375,ER,4,2020-08-26T13:13:00Z,19.8160639183323,NA,W_C
1.49443125,ER,4,2020-08-26T13:16:45Z,25.0580964597682,NA,W_C
1.701625,ER,4,2020-08-26T13:21:00Z,25.3753165681625,NA,W_C
1666.7,NEE,4,2020-08-26T13:24:45Z,-30.2959279233472,NA,W_C
1618.3125,NEE,4,2020-08-26T13:28:30Z,-37.3293342234659,NA,W_C
1105.36875,NEE,4,2020-08-26T13:31:45Z,-39.4568561084573,NA,W_C
